element,transition,auger_group,line_type,energy_type,energy_eV,library,xray_source,sensitivity
Ag,MN1,MNN,Auger,KE,354.0,ALSCOF,Al Kα,1.22000002861023
Ag,MN1,MNN,Auger,KE,354.0,AUGQNT,Any,1.0
Ag,MN1,MNN,Auger,KE,358.0,10kvcrr4,Any,0.0640000030398369
Ag,MN2,MNN,Auger,KE,297.0,ALSCOF,Al Kα,0.352999985218048
Ag,MN2,MNN,Auger,KE,297.0,AUGQNT,Any,0.28999999165535
Ag,MN2,MNN,Auger,KE,353.0,10kvcrr4,Any,1.0
Ag,MN3,MNN,Auger,KE,261.0,ALSCOF,Al Kα,0.194999992847443
Ag,MN3,MNN,Auger,KE,261.0,AUGQNT,Any,0.159999996423721
Ag,MN3,MNN,Auger,KE,296.5,10kvcrr4,Any,0.493000000715256
Ag,MN4,MNN,Auger,KE,237.0,ALSCOF,Al Kα,0.0489999987185001
Ag,MN4,MNN,Auger,KE,237.0,AUGQNT,Any,0.0399999991059303
Ag,MN4,MNN,Auger,KE,260.5,10kvcrr4,Any,0.0799999982118607
Ag,MN5,MNN,Auger,KE,192.899993896484,10kvcrr4,Any,0.0430000014603138
Ag,MN5,MNN,Auger,KE,193.0,ALSCOF,Al Kα,0.0489999987185001
Ag,MN5,MNN,Auger,KE,193.0,AUGQNT,Any,0.0399999991059303
Ag,NO1,NOO,Auger,KE,49.0,ALSCOF,Al Kα,0.600000023841858
Ag,NO1,NOO,Auger,KE,49.0,AUGQNT,Any,0.0599999986588955
Ag,NO1,NOO,Auger,KE,80.0,10kvcrr4,Any,0.0130000002682209
Ag,NO2,NOO,Auger,KE,49.5,10kvcrr4,Any,0.0260000005364418
Ag,3d,,XPS,BE,371.0,ALSCOF,Al Kα,18.0400009155273
Ag,3d,,XPS,BE,371.0,ALWAGNER,Al Kα,19999980926514.0
Ag,3d,,XPS,BE,371.0,MGSCOF,Mg Kα,18.0400009155273
Ag,3d,,XPS,BE,371.0,MGWAGNER,Mg Kα,19999980926514.0
Ag,3d3/2,,XPS,BE,374.0,ALSCOF,Al Kα,7.38000011444092
Ag,3d3/2,,XPS,BE,374.0,ALWAGNER,Al Kα,2.09999990463257
Ag,3d3/2,,XPS,BE,374.0,MGSCOF,Mg Kα,7.3600001335144
Ag,3d3/2,,XPS,BE,374.0,MGWAGNER,Mg Kα,2.09999990463257
Ag,3d5/2,,XPS,BE,368.0,ALSCOF,Al Kα,10.6599998474121
Ag,3d5/2,,XPS,BE,368.0,ALWAGNER,Al Kα,3.09999990463257
Ag,3d5/2,,XPS,BE,368.0,MGSCOF,Mg Kα,10.6800003051758
Ag,3d5/2,,XPS,BE,368.0,MGWAGNER,Mg Kα,3.09999990463257
Ag,3p,,XPS,BE,588.5,ALSCOF,Al Kα,12.0900001525879
Ag,3p1/2,,XPS,BE,604.0,ALSCOF,Al Kα,4.03000020980835
Ag,3p1/2,,XPS,BE,604.0,MGSCOF,Mg Kα,3.0
Ag,3p3/2,,XPS,BE,573.0,ALSCOF,Al Kα,8.0600004196167
Ag,3p3/2,,XPS,BE,573.0,ALWAGNER,Al Kα,1.67200005054474
Ag,3p3/2,,XPS,BE,573.0,MGSCOF,Mg Kα,6.6399998664856
Ag,3p3/2,,XPS,BE,573.0,MGWAGNER,Mg Kα,1.36800003051758
Ag,3s,,XPS,BE,718.0,ALSCOF,Al Kα,2.9300000667572
Ag,3s,,XPS,BE,718.0,MGSCOF,Mg Kα,2.32999992370605
Ag,4p,,XPS,BE,58.0,ALSCOF,Al Kα,2.05999994277954
Ag,4p,,XPS,BE,58.0,MGSCOF,Mg Kα,1.73599994182587
Ag,4s,,XPS,BE,97.0,ALSCOF,Al Kα,0.643999993801117
Ag,4s,,XPS,BE,97.0,MGSCOF,Mg Kα,0.531000018119812
Al,KL1,KLL,Auger,KE,1393.0,AUGQNT,Any,0.239999994635582
Al,KL1,KLL,Auger,KE,1394.1386,10kvcrr4,Any,0.0
Al,KL2,KLL,Auger,KE,1378.0,AUGQNT,Any,0.159999996423721
Al,KL2,KLL,Auger,KE,1379.1369,10kvcrr4,Any,0.0
Al,KL3,KLL,Auger,KE,1361.0,AUGQNT,Any,0.0199999995529652
Al,KL3,KLL,Auger,KE,1362.0,10kvcrr4,Any,0.0480000004172325
Al,KL4,KLL,Auger,KE,1342.0,AUGQNT,Any,0.109999999403954
Al,KL4,KLL,Auger,KE,1343.5,10kvcrr4,Any,0.0659999996423721
Al,KL5,KLL,Auger,KE,1327.0,AUGQNT,Any,0.0500000007450581
Al,KL5,KLL,Auger,KE,1327.1319,10kvcrr4,Any,0.0
Al,LM1,LMM,Auger,KE,68.0,10kvcrr4,Any,0.444999992847443
Al,LM1,LMM,Auger,KE,83.0,AUGQNT,Any,0.0299999993294477
Al,LM2,LMM,Auger,KE,54.0,10kvcrr4,Any,0.0149999996647239
Al,LM2,LMM,Auger,KE,68.0,AUGQNT,Any,0.959999978542328
Al,LM3,LMM,Auger,KE,54.0,AUGQNT,Any,0.370000004768372
Al,2p,,XPS,BE,74.0,ALSCOF,Al Kα,0.537000000476837
Al,2p,,XPS,BE,74.0,ALWAGNER,Al Kα,0.185000002384186
Al,2p,,XPS,BE,74.0,MGSCOF,Mg Kα,0.574000000953674
Al,2p,,XPS,BE,74.0,MGWAGNER,Mg Kα,0.185000002384186
Al,2s,,XPS,BE,119.0,ALSCOF,Al Kα,0.753000020980835
Al,2s,,XPS,BE,119.0,ALWAGNER,Al Kα,0.252999991178513
Al,2s,,XPS,BE,119.0,MGSCOF,Mg Kα,0.680999994277954
Al,2s,,XPS,BE,119.0,MGWAGNER,Mg Kα,0.207000002264977
Am,4d3/2,,XPS,BE,883.0,ALSCOF,Al Kα,11.7399997711182
Am,4d3/2,,XPS,BE,883.0,MGSCOF,Mg Kα,8.43000030517578
Am,4d5/2,,XPS,BE,832.0,ALSCOF,Al Kα,18.1399993896484
Am,4d5/2,,XPS,BE,832.0,MGSCOF,Mg Kα,13.4300003051758
Am,4f5/2,,XPS,BE,463.0,ALSCOF,Al Kα,25.8700008392334
Am,4f5/2,,XPS,BE,463.0,MGSCOF,Mg Kα,24.4400005340576
Am,4f7/2,,XPS,BE,449.0,ALSCOF,Al Kα,32.9500007629395
Am,4f7/2,,XPS,BE,449.0,MGSCOF,Mg Kα,31.3500003814697
Am,5d3/2,,XPS,BE,119.0,ALSCOF,Al Kα,2.66000008583069
Am,5d3/2,,XPS,BE,119.0,MGSCOF,Mg Kα,2.0699999332428
Am,5d5/2,,XPS,BE,109.0,ALSCOF,Al Kα,3.92000007629395
Am,5d5/2,,XPS,BE,109.0,MGSCOF,Mg Kα,3.09999990463257
Am,5p3/2,,XPS,BE,216.0,ALSCOF,Al Kα,2.47000002861023
Am,5p3/2,,XPS,BE,216.0,MGSCOF,Mg Kα,1.95000004768372
Am,5s,,XPS,BE,351.0,ALSCOF,Al Kα,0.768999993801117
Am,5s,,XPS,BE,351.0,MGSCOF,Mg Kα,0.596000015735626
Am,6p1/2,,XPS,BE,31.0,ALSCOF,Al Kα,0.133000001311302
Am,6p1/2,,XPS,BE,31.0,MGSCOF,Mg Kα,0.100000001490116
Am,6p3/2,,XPS,BE,18.0,ALSCOF,Al Kα,0.391000002622604
Am,6p3/2,,XPS,BE,18.0,MGSCOF,Mg Kα,0.312999993562698
Ar,LM1,LMM,Auger,KE,212.0,ALSCOF,Al Kα,0.400000005960464
Ar,LM1,LMM,Auger,KE,212.0,AUGQNT,Any,1.0
Ar,LM2,LMM,Auger,KE,201.0,ALSCOF,Al Kα,0.109999999403954
Ar,LM2,LMM,Auger,KE,201.0,AUGQNT,Any,0.270000010728836
Ar,LM3,LMM,Auger,KE,180.0,ALSCOF,Al Kα,0.0399999991059303
Ar,LM3,LMM,Auger,KE,180.0,AUGQNT,Any,0.100000001490116
Ar,2p,,XPS,BE,242.0,ALSCOF,Al Kα,3.03999996185303
Ar,2p,,XPS,BE,242.0,ALWAGNER,Al Kα,0.959999978542328
Ar,2p,,XPS,BE,242.0,MGSCOF,Mg Kα,3.13000011444092
Ar,2p,,XPS,BE,242.0,MGWAGNER,Mg Kα,0.959999978542328
Ar,2p1/2,,XPS,BE,243.0,ALSCOF,Al Kα,1.02999997138977
Ar,2p1/2,,XPS,BE,243.0,MGSCOF,Mg Kα,1.05999994277954
Ar,2p3/2,,XPS,BE,241.0,ALSCOF,Al Kα,2.00999999046326
Ar,2p3/2,,XPS,BE,241.0,MGSCOF,Mg Kα,2.0699999332428
Ar,2s,,XPS,BE,319.0,ALSCOF,Al Kα,1.97000002861023
Ar,2s,,XPS,BE,319.0,ALWAGNER,Al Kα,0.439999997615814
Ar,2s,,XPS,BE,319.0,MGSCOF,Mg Kα,1.71000003814697
Ar,2s,,XPS,BE,319.0,MGWAGNER,Mg Kα,0.360000014305115
Ar,3s,,XPS,BE,22.0,ALSCOF,Al Kα,0.226999998092651
Ar,3s,,XPS,BE,22.0,MGSCOF,Mg Kα,0.199000000953674
As,LM1,LMM,Auger,KE,1264.1242,10kvcrr4,Any,0.0
As,LM2,LMM,Auger,KE,1250.1243,10kvcrr4,Any,0.0
As,LM3,LMM,Auger,KE,1229.1206,10kvcrr4,Any,0.395000010728836
As,LM4,LMM,Auger,KE,1213.5,10kvcrr4,Any,0.0
As,LM5,LMM,Auger,KE,1156.5,10kvcrr4,Any,0.0370000004768372
As,LM6,LMM,Auger,KE,1131.5,10kvcrr4,Any,0.0140000004321337
As,LM7,LMM,Auger,KE,1119.5,10kvcrr4,Any,0.090999998152256
As,2p1/2,,XPS,BE,1359.1357,ALSCOF,Al Kα,0.0
As,2p3/2,,XPS,BE,1326.1324,ALSCOF,Al Kα,0.0
As,2p3/2,,XPS,BE,1326.1324,ALWAGNER,Al Kα,0.0
As,3d,,XPS,BE,44.5,ALSCOF,Al Kα,1.82099997997284
As,3d,,XPS,BE,44.5,ALWAGNER,Al Kα,0.529999971389771
As,3d,,XPS,BE,44.5,MGSCOF,Mg Kα,1.97200000286102
As,3d,,XPS,BE,44.5,MGWAGNER,Mg Kα,0.529999971389771
As,3d3/2,,XPS,BE,45.0,ALSCOF,Al Kα,0.74099999666214
As,3d3/2,,XPS,BE,45.0,MGSCOF,Mg Kα,0.801999986171722
As,3d5/2,,XPS,BE,44.0,ALSCOF,Al Kα,1.08000004291534
As,3d5/2,,XPS,BE,44.0,MGSCOF,Mg Kα,1.16999995708466
As,3p,,XPS,BE,145.5,ALSCOF,Al Kα,4.07000017166138
As,3p,,XPS,BE,145.5,ALWAGNER,Al Kα,1.06700003147125
As,3p,,XPS,BE,145.5,MGSCOF,Mg Kα,3.64000010490417
As,3p,,XPS,BE,145.5,MGWAGNER,Mg Kα,0.873000025749207
As,3p1/2,,XPS,BE,148.0,ALSCOF,Al Kα,1.38999998569489
As,3p1/2,,XPS,BE,148.0,MGSCOF,Mg Kα,1.24000000953674
As,3p3/2,,XPS,BE,143.0,ALSCOF,Al Kα,2.6800000667572
As,3p3/2,,XPS,BE,143.0,MGSCOF,Mg Kα,2.40000009536743
As,3s,,XPS,BE,207.0,ALSCOF,Al Kα,1.32000005245209
As,3s,,XPS,BE,207.0,MGSCOF,Mg Kα,1.10000002384186
At,4d3/2,,XPS,BE,533.0,ALSCOF,Al Kα,9.64999961853027
At,4d3/2,,XPS,BE,533.0,MGSCOF,Mg Kα,7.42000007629395
At,4d5/2,,XPS,BE,507.0,ALSCOF,Al Kα,14.289999961853
At,4d5/2,,XPS,BE,507.0,MGSCOF,Mg Kα,11.1999998092651
At,4f,,XPS,BE,210.0,ALSCOF,Al Kα,29.3600006103516
At,4f,,XPS,BE,210.0,MGSCOF,Mg Kα,29.1499996185303
At,4p1/2,,XPS,BE,886.0,ALSCOF,Al Kα,2.03999996185303
At,4p1/2,,XPS,BE,886.0,MGSCOF,Mg Kα,1.37999999523163
At,4p3/2,,XPS,BE,740.0,ALSCOF,Al Kα,6.76999998092651
At,4p3/2,,XPS,BE,740.0,MGSCOF,Mg Kα,15000009536743.0
At,4s,,XPS,BE,1042.104,ALSCOF,Al Kα,0.55338791337984
At,4s,,XPS,BE,1042.104,MGSCOF,Mg Kα,0.0
At,5d,,XPS,BE,40.0,ALSCOF,Al Kα,3.63000011444092
At,5d,,XPS,BE,40.0,MGSCOF,Mg Kα,2.92000007629395
At,5p1/2,,XPS,BE,148.0,ALSCOF,Al Kα,0.583999991416931
At,5p1/2,,XPS,BE,148.0,MGSCOF,Mg Kα,0.439000010490417
At,5p3/2,,XPS,BE,115.0,ALSCOF,Al Kα,1.58000004291534
At,5p3/2,,XPS,BE,115.0,MGSCOF,Mg Kα,1.25999999046326
At,5s,,XPS,BE,195.0,ALSCOF,Al Kα,0.605000019073486
At,5s,,XPS,BE,195.0,MGSCOF,Mg Kα,0.477999985218048
Au,MN1,MNN,Auger,KE,1502.5,10kvcrr4,Any,0.0769999995827675
Au,MN1,MNN,Auger,KE,2101.0,AUGQNT,Any,0.0199999995529652
Au,MN2,MNN,Auger,KE,2016.0,AUGQNT,Any,0.0199999995529652
Au,MN2,MNN,Auger,KE,2102.5,10kvcrr4,Any,0.254999995231628
Au,MN3,MNN,Auger,KE,1838.0,AUGQNT,Any,0.0099999997764825
Au,MN3,MNN,Auger,KE,2018.198,10kvcrr4,Any,0.0
Au,MN4,MNN,Auger,KE,1772.0,AUGQNT,Any,0.0099999997764825
Au,MN4,MNN,Auger,KE,1927.1915,10kvcrr4,Any,0.0
Au,MN5,MNN,Auger,KE,1523.0,AUGQNT,Any,0.0099999997764825
Au,MN5,MNN,Auger,KE,1858.5,10kvcrr4,Any,0.0089999996125698
Au,MN6,MNN,Auger,KE,1830.5,10kvcrr4,Any,0.0769999995827675
Au,MN7,MNN,Auger,KE,1768.1722,10kvcrr4,Any,0.0
Au,MN8,MNN,Auger,KE,1744.5,10kvcrr4,Any,0.0
Au,MN9,MNN,Auger,KE,1587.5,10kvcrr4,Any,0.034000001847744
Au,NO1,NOO,Auger,KE,70.0,ALSCOF,Al Kα,0.409999996423721
Au,NO1,NOO,Auger,KE,70.0,AUGQNT,Any,0.409999996423721
Au,NO1,NOO,Auger,KE,255.899993896484,10kvcrr4,Any,0.017000000923872
Au,NO2,NOO,Auger,KE,43.0,AUGQNT,Any,0.200000002980232
Au,NO2,NOO,Auger,KE,239.899993896484,10kvcrr4,Any,0.129999995231628
Au,NO3,NOO,Auger,KE,199.5,10kvcrr4,Any,0.0049999998882412
Au,NO4,NOO,Auger,KE,185.0,10kvcrr4,Any,0.0089999996125698
Au,NO5,NOO,Auger,KE,163.0,10kvcrr4,Any,0.017000000923872
Au,NO6,NOO,Auger,KE,145.0,10kvcrr4,Any,0.103000000119209
Au,NO7,NOO,Auger,KE,72.5,10kvcrr4,Any,0.342999994754791
Au,4d3/2,,XPS,BE,354.0,ALSCOF,Al Kα,8.0600004196167
Au,4d3/2,,XPS,BE,354.0,MGSCOF,Mg Kα,6.42000007629395
Au,4d5/2,,XPS,BE,336.0,ALSCOF,Al Kα,11.7399997711182
Au,4d5/2,,XPS,BE,336.0,ALWAGNER,Al Kα,2.25500011444092
Au,4d5/2,,XPS,BE,336.0,MGSCOF,Mg Kα,9.0
Au,4d5/2,,XPS,BE,336.0,MGWAGNER,Mg Kα,1.84500002861023
Au,4f,,XPS,BE,87.0,ALSCOF,Al Kα,17.1200008392334
Au,4f,,XPS,BE,87.0,ALWAGNER,Al Kα,4.94999980926514
Au,4f,,XPS,BE,87.0,MGSCOF,Mg Kα,17.4699993133545
Au,4f,,XPS,BE,87.0,MGWAGNER,Mg Kα,4.94999980926514
Au,4f5/2,,XPS,BE,89.0,ALSCOF,Al Kα,7.53999996185303
Au,4f5/2,,XPS,BE,89.0,ALWAGNER,Al Kα,2.15000009536743
Au,4f5/2,,XPS,BE,89.0,MGSCOF,Mg Kα,7.67999982833862
Au,4f5/2,,XPS,BE,89.0,MGWAGNER,Mg Kα,2.15000009536743
Au,4f7/2,,XPS,BE,85.0,ALSCOF,Al Kα,9.57999992370605
Au,4f7/2,,XPS,BE,85.0,ALWAGNER,Al Kα,2.79999995231628
Au,4f7/2,,XPS,BE,85.0,MGSCOF,Mg Kα,9.78999996185303
Au,4f7/2,,XPS,BE,85.0,MGWAGNER,Mg Kα,2.79999995231628
Au,4p1/2,,XPS,BE,643.0,ALSCOF,Al Kα,2.14000010490417
Au,4p1/2,,XPS,BE,643.0,MGSCOF,Mg Kα,1.52999997138977
Au,4p3/2,,XPS,BE,547.0,ALSCOF,Al Kα,8899998664856.0
Au,4p3/2,,XPS,BE,547.0,MGSCOF,Mg Kα,4.55000019073486
Au,4s,,XPS,BE,763.0,ALSCOF,Al Kα,1.91999995708466
Au,4s,,XPS,BE,763.0,MGSCOF,Mg Kα,1.45000004768372
Au,5p1/2,,XPS,BE,75.0,ALSCOF,Al Kα,0.462999999523163
Au,5p1/2,,XPS,BE,75.0,MGSCOF,Mg Kα,0.352999985218048
Au,5p3/2,,XPS,BE,57.0,ALSCOF,Al Kα,1.10000002384186
Au,5p3/2,,XPS,BE,57.0,MGSCOF,Mg Kα,0.876999974250793
Au,5s,,XPS,BE,110.0,ALSCOF,Al Kα,0.479000002145767
Au,5s,,XPS,BE,110.0,MGSCOF,Mg Kα,0.381000012159348
B,KL1,KLL,Auger,KE,175.0,ALSCOF,Al Kα,0.0930000022053719
B,KL1,KLL,Auger,KE,175.0,AUGQNT,Any,0.129999995231628
B,1s,,XPS,BE,188.0,ALSCOF,Al Kα,0.486000001430511
B,1s,,XPS,BE,188.0,ALWAGNER,Al Kα,0.129999995231628
B,1s,,XPS,BE,188.0,MGSCOF,Mg Kα,0.492000013589859
B,1s,,XPS,BE,188.0,MGWAGNER,Mg Kα,0.129999995231628
Ba,MN1,MNN,Auger,KE,707.0,ALSCOF,Al Kα,0.0
Ba,MN1,MNN,Auger,KE,707.0,AUGQNT,Any,0.0500000007450581
Ba,MN3,MNN,Auger,KE,671.0,ALSCOF,Al Kα,2.0
Ba,MN3,MNN,Auger,KE,671.0,AUGQNT,Any,0.200000002980232
Ba,MN4,MNN,Auger,KE,592.0,ALSCOF,Al Kα,3.20000004768372
Ba,MN4,MNN,Auger,KE,592.0,AUGQNT,Any,0.319999992847443
Ba,MN5,MNN,Auger,KE,578.0,ALSCOF,Al Kα,4.80000019073486
Ba,MN5,MNN,Auger,KE,578.0,AUGQNT,Any,0.479999989271164
Ba,NO1,NOO,Auger,KE,73.0,AUGQNT,Any,0.409999996423721
Ba,NO2,NOO,Auger,KE,57.0,AUGQNT,Any,0.300000011920929
Ba,3d3/2,,XPS,BE,795.0,ALSCOF,Al Kα,17.9200000762939
Ba,3d3/2,,XPS,BE,795.0,MGSCOF,Mg Kα,17.0400009155273
Ba,3d5/2,,XPS,BE,780.0,ALSCOF,Al Kα,25.8400001525879
Ba,3d5/2,,XPS,BE,780.0,ALWAGNER,Al Kα,7.90000009536743
Ba,3d5/2,,XPS,BE,780.0,MGSCOF,Mg Kα,24.0
Ba,3d5/2,,XPS,BE,780.0,MGWAGNER,Mg Kα,7.90000009536743
Ba,3p1/2,,XPS,BE,1137.1135,ALSCOF,Al Kα,0.0
Ba,3p1/2,,XPS,BE,1137.1135,MGSCOF,Mg Kα,0.3495124736
Ba,3p3/2,,XPS,BE,1062.106,ALSCOF,Al Kα,0.0
Ba,3p3/2,,XPS,BE,1062.106,MGSCOF,Mg Kα,0.0
Ba,3s,,XPS,BE,1292.129,ALSCOF,Al Kα,0.0
Ba,4d,,XPS,BE,91.0,ALSCOF,Al Kα,8600001335144.0
Ba,4d,,XPS,BE,91.0,ALWAGNER,Al Kα,2.58500003814697
Ba,4d,,XPS,BE,91.0,MGSCOF,Mg Kα,40999984741211.0
Ba,4d,,XPS,BE,91.0,MGWAGNER,Mg Kα,2.11500000953674
Ba,4d3/2,,XPS,BE,92.0,ALSCOF,Al Kα,2.40000009536743
Ba,4d3/2,,XPS,BE,92.0,MGSCOF,Mg Kα,2.21000003814697
Ba,4d5/2,,XPS,BE,90.0,ALSCOF,Al Kα,3.46000003814697
Ba,4d5/2,,XPS,BE,90.0,MGSCOF,Mg Kα,3.20000004768372
Ba,4p1/2,,XPS,BE,192.0,ALSCOF,Al Kα,1.3400000333786
Ba,4p1/2,,XPS,BE,192.0,MGSCOF,Mg Kα,1.0900000333786
Ba,4p3/2,,XPS,BE,179.0,ALSCOF,Al Kα,2.73000001907349
Ba,4p3/2,,XPS,BE,179.0,MGSCOF,Mg Kα,2.25999999046326
Ba,4s,,XPS,BE,254.0,ALSCOF,Al Kα,1.12999999523163
Ba,4s,,XPS,BE,254.0,MGSCOF,Mg Kα,0.924000024795532
Ba,5s,,XPS,BE,23.0,ALSCOF,Al Kα,0.209999993443489
Ba,5s,,XPS,BE,23.0,MGSCOF,Mg Kα,0.17399999499321
Be,KL1,KLL,Auger,KE,101.0,ALSCOF,Al Kα,1.20000004768372
Be,KL1,KLL,Auger,KE,101.0,AUGQNT,Any,0.119999997317791
Be,KL1,KLL,Auger,KE,103.300003051758,10kvcrr4,Any,0.224000006914139
Be,KL2,KLL,Auger,KE,84.0,10kvcrr4,Any,0.0089999996125698
Be,1s,,XPS,BE,113.0,ALSCOF,Al Kα,0.194999992847443
Be,1s,,XPS,BE,113.0,ALWAGNER,Al Kα,0.0590000003576279
Be,1s,,XPS,BE,113.0,MGSCOF,Mg Kα,0.200000002980232
Be,1s,,XPS,BE,113.0,MGWAGNER,Mg Kα,0.0590000003576279
Bi,MN1,MNN,Auger,KE,2283.0,AUGQNT,Any,0.0399999991059303
Bi,MN1,MNN,Auger,KE,2344.2277,10kvcrr4,Any,0.0
Bi,MN2,MNN,Auger,KE,1983.0,AUGQNT,Any,0.0099999997764825
Bi,MN2,MNN,Auger,KE,2236.2184,10kvcrr4,Any,0.0
Bi,MN3,MNN,Auger,KE,2106.5,10kvcrr4,Any,0.0179999992251396
Bi,MN4,MNN,Auger,KE,2034.2004,10kvcrr4,Any,0.0
Bi,MN5,MNN,Auger,KE,1956.5,10kvcrr4,Any,0.0
Bi,MN6,MNN,Auger,KE,1930.5,10kvcrr4,Any,0.323000013828278
Bi,MN7,MNN,Auger,KE,1751.1707,10kvcrr4,Any,0.0750000029802322
Bi,MN8,MNN,Auger,KE,1652.1611,10kvcrr4,Any,0.0
Bi,NO1,NOO,Auger,KE,268.0,ALSCOF,Al Kα,0.100000001490116
Bi,NO1,NOO,Auger,KE,268.0,AUGQNT,Any,0.0099999997764825
Bi,NO1,NOO,Auger,KE,269.0,10kvcrr4,Any,0.188999995589256
Bi,NO2,NOO,Auger,KE,245.0,ALSCOF,Al Kα,0.200000002980232
Bi,NO2,NOO,Auger,KE,245.0,AUGQNT,Any,0.0199999995529652
Bi,NO2,NOO,Auger,KE,248.0,10kvcrr4,Any,0.0260000005364418
Bi,NO3,NOO,Auger,KE,101.0,ALSCOF,Al Kα,2.59999990463257
Bi,NO3,NOO,Auger,KE,101.0,AUGQNT,Any,0.259999990463257
Bi,NO3,NOO,Auger,KE,131.0,10kvcrr4,Any,0.0189999993890524
Bi,NO4,NOO,Auger,KE,119.5,10kvcrr4,Any,0.0010000000474974
Bi,NO5,NOO,Auger,KE,104.0,10kvcrr4,Any,0.203999996185303
Bi,NO6,NOO,Auger,KE,100.0,10kvcrr4,Any,0.0209999997168779
Bi,NO7,NOO,Auger,KE,94.5,10kvcrr4,Any,0.0020000000949949
Bi,4d3/2,,XPS,BE,467.0,ALSCOF,Al Kα,9.14000034332275
Bi,4d3/2,,XPS,BE,467.0,MGSCOF,Mg Kα,7.1100001335144
Bi,4d5/2,,XPS,BE,443.0,ALSCOF,Al Kα,13.4399995803833
Bi,4d5/2,,XPS,BE,443.0,ALWAGNER,Al Kα,2.0
Bi,4d5/2,,XPS,BE,443.0,MGSCOF,Mg Kα,10.6400003433228
Bi,4d5/2,,XPS,BE,443.0,MGWAGNER,Mg Kα,2.0
Bi,4f,,XPS,BE,161.5,ALSCOF,Al Kα,24.8299999237061
Bi,4f,,XPS,BE,161.5,ALWAGNER,Al Kα,7.40000009536743
Bi,4f,,XPS,BE,161.5,MGSCOF,Mg Kα,24.8799991607666
Bi,4f,,XPS,BE,161.5,MGWAGNER,Mg Kα,7.40000009536743
Bi,4f5/2,,XPS,BE,164.0,ALSCOF,Al Kα,10.9300003051758
Bi,4f5/2,,XPS,BE,164.0,ALWAGNER,Al Kα,3.15000009536743
Bi,4f5/2,,XPS,BE,164.0,MGSCOF,Mg Kα,10.9300003051758
Bi,4f5/2,,XPS,BE,164.0,MGWAGNER,Mg Kα,3.15000009536743
Bi,4f7/2,,XPS,BE,159.0,ALSCOF,Al Kα,13.8999996185303
Bi,4f7/2,,XPS,BE,159.0,ALWAGNER,Al Kα,4.0
Bi,4f7/2,,XPS,BE,159.0,MGSCOF,Mg Kα,13.9499998092651
Bi,4f7/2,,XPS,BE,159.0,MGWAGNER,Mg Kα,4.0
Bi,4p1/2,,XPS,BE,807.0,ALSCOF,Al Kα,2.09999990463257
Bi,4p1/2,,XPS,BE,807.0,MGSCOF,Mg Kα,1.45000004768372
Bi,4p3/2,,XPS,BE,681.0,ALSCOF,Al Kα,6.48000001907349
Bi,4p3/2,,XPS,BE,681.0,MGSCOF,Mg Kα,4.96000003814697
Bi,4s,,XPS,BE,942.0,ALSCOF,Al Kα,1.96000003814697
Bi,4s,,XPS,BE,942.0,MGSCOF,Mg Kα,1.45000004768372
Bi,5d,,XPS,BE,27.5,ALSCOF,Al Kα,3.0
Bi,5d,,XPS,BE,27.5,ALWAGNER,Al Kα,1.21000003814697
Bi,5d,,XPS,BE,27.5,MGSCOF,Mg Kα,2.43700003623962
Bi,5d,,XPS,BE,27.5,MGWAGNER,Mg Kα,0.990000009536743
Bi,5d3/2,,XPS,BE,29.0,ALSCOF,Al Kα,1.24000000953674
Bi,5d3/2,,XPS,BE,29.0,MGSCOF,Mg Kα,0.996999979019165
Bi,5d5/2,,XPS,BE,26.0,ALSCOF,Al Kα,1.75999999046326
Bi,5d5/2,,XPS,BE,26.0,MGSCOF,Mg Kα,1.44000005722046
Bi,5p1/2,,XPS,BE,120.0,ALSCOF,Al Kα,0.546000003814697
Bi,5p1/2,,XPS,BE,120.0,MGSCOF,Mg Kα,0.412000000476837
Bi,5p3/2,,XPS,BE,94.0,ALSCOF,Al Kα,1.4099999666214
Bi,5p3/2,,XPS,BE,94.0,MGSCOF,Mg Kα,1.12999999523163
Bi,5s,,XPS,BE,161.0,ALSCOF,Al Kα,0.563000023365021
Bi,5s,,XPS,BE,161.0,MGSCOF,Mg Kα,0.446000009775162
Br,LM1,LMM,Auger,KE,1442.0,AUGQNT,Any,0.0299999993294477
Br,LM2,LMM,Auger,KE,1389.0,AUGQNT,Any,0.0500000007450581
Br,LM3,LMM,Auger,KE,1285.0,AUGQNT,Any,0.0299999993294477
Br,LM4,LMM,Auger,KE,1270.0,AUGQNT,Any,0.0399999991059303
Br,LM5,LMM,Auger,KE,1318.0,AUGQNT,Any,0.0199999995529652
Br,MN1,MNN,Auger,KE,102.0,AUGQNT,Any,0.259999990463257
Br,MN2,MNN,Auger,KE,108.0,AUGQNT,Any,0.100000001490116
Br,MN3,MNN,Auger,KE,55.0,AUGQNT,Any,0.0799999982118607
Br,3d,,XPS,BE,69.5,ALSCOF,Al Kα,2.83999991416931
Br,3d,,XPS,BE,69.5,ALWAGNER,Al Kα,0.829999983310699
Br,3d,,XPS,BE,69.5,MGSCOF,Mg Kα,3.03999996185303
Br,3d,,XPS,BE,69.5,MGWAGNER,Mg Kα,0.829999983310699
Br,3d3/2,,XPS,BE,70.0,ALSCOF,Al Kα,1.1599999666214
Br,3d3/2,,XPS,BE,70.0,MGSCOF,Mg Kα,1.24000000953674
Br,3d5/2,,XPS,BE,69.0,ALSCOF,Al Kα,1.67999994754791
Br,3d5/2,,XPS,BE,69.0,MGSCOF,Mg Kα,1.79999995231628
Br,3p,,XPS,BE,185.5,ALSCOF,Al Kα,5.03000020980835
Br,3p,,XPS,BE,185.5,ALWAGNER,Al Kα,1.25399994850159
Br,3p,,XPS,BE,185.5,MGSCOF,Mg Kα,4.42000007629395
Br,3p,,XPS,BE,185.5,MGWAGNER,Mg Kα,1.02600002288818
Br,3p1/2,,XPS,BE,189.0,ALSCOF,Al Kα,1.72000002861023
Br,3p1/2,,XPS,BE,189.0,MGSCOF,Mg Kα,1.0
Br,3p3/2,,XPS,BE,182.0,ALSCOF,Al Kα,3.30999994277954
Br,3p3/2,,XPS,BE,182.0,MGSCOF,Mg Kα,2.92000007629395
Br,3s,,XPS,BE,256.0,ALSCOF,Al Kα,1.52999997138977
Br,3s,,XPS,BE,256.0,MGSCOF,Mg Kα,1.25999999046326
C,KL1,KLL,Auger,KE,266.0,ALSCOF,Al Kα,0.600000023841858
C,KL1,KLL,Auger,KE,266.0,AUGQNT,Any,0.600000023841858
C,KL1,KLL,Auger,KE,269.5,10kvcrr4,Any,0.555000007152557
C,1s,,XPS,BE,285.0,ALSCOF,Al Kα,1.0
C,1s,,XPS,BE,285.0,ALWAGNER,Al Kα,0.0
C,1s,,XPS,BE,285.0,MGSCOF,Mg Kα,1.0
C,1s,,XPS,BE,285.0,MGWAGNER,Mg Kα,0.0
Ca,LM1,LMM,Auger,KE,333.0,ALSCOF,Al Kα,1.39999997615814
Ca,LM1,LMM,Auger,KE,333.0,AUGQNT,Any,0.140000000596046
Ca,LM2,LMM,Auger,KE,298.0,ALSCOF,Al Kα,4.30000019073486
Ca,LM2,LMM,Auger,KE,298.0,AUGQNT,Any,0.430000007152557
Ca,LM3,LMM,Auger,KE,252.0,ALSCOF,Al Kα,0.800000011920929
Ca,LM3,LMM,Auger,KE,252.0,AUGQNT,Any,0.0799999982118607
Ca,2p,,XPS,BE,348.5,ALSCOF,Al Kα,5.07000017166138
Ca,2p,,XPS,BE,348.5,ALWAGNER,Al Kα,1.58000004291534
Ca,2p,,XPS,BE,348.5,MGSCOF,Mg Kα,5.13000011444092
Ca,2p,,XPS,BE,348.5,MGWAGNER,Mg Kα,1.58000004291534
Ca,2p1/2,,XPS,BE,350.0,ALSCOF,Al Kα,1.72000002861023
Ca,2p1/2,,XPS,BE,350.0,ALWAGNER,Al Kα,0.529999971389771
Ca,2p1/2,,XPS,BE,350.0,MGSCOF,Mg Kα,1.74000000953674
Ca,2p1/2,,XPS,BE,350.0,MGWAGNER,Mg Kα,0.529999971389771
Ca,2p3/2,,XPS,BE,347.0,ALSCOF,Al Kα,3.34999990463257
Ca,2p3/2,,XPS,BE,347.0,ALWAGNER,Al Kα,1.04999995231628
Ca,2p3/2,,XPS,BE,347.0,MGSCOF,Mg Kα,3.39000010490417
Ca,2p3/2,,XPS,BE,347.0,MGWAGNER,Mg Kα,1.04999995231628
Ca,2s,,XPS,BE,439.0,ALSCOF,Al Kα,2.58999991416931
Ca,2s,,XPS,BE,439.0,ALWAGNER,Al Kα,0.517000019550323
Ca,2s,,XPS,BE,439.0,MGSCOF,Mg Kα,2.21000003814697
Ca,2s,,XPS,BE,439.0,MGWAGNER,Mg Kα,0.423000007867813
Ca,3p,,XPS,BE,25.0,ALSCOF,Al Kα,0.507000029087067
Ca,3p,,XPS,BE,25.0,MGSCOF,Mg Kα,0.499000012874603
Ca,3s,,XPS,BE,44.0,ALSCOF,Al Kα,0.351000010967255
Ca,3s,,XPS,BE,44.0,MGSCOF,Mg Kα,0.305000007152557
Cd,MN1,MNN,Auger,KE,382.0,ALSCOF,Al Kα,6.19999980926514
Cd,MN1,MNN,Auger,KE,382.0,AUGQNT,Any,0.620000004768372
Cd,MN1,MNN,Auger,KE,385.0,10kvcrr4,Any,0.0839999988675117
Cd,MN2,MNN,Auger,KE,376.0,ALSCOF,Al Kα,9.0
Cd,MN2,MNN,Auger,KE,376.0,AUGQNT,Any,0.899999976158142
Cd,MN2,MNN,Auger,KE,378.0,10kvcrr4,Any,0.717999994754791
Cd,MN3,MNN,Auger,KE,350.0,ALSCOF,Al Kα,2.0
Cd,MN3,MNN,Auger,KE,350.0,AUGQNT,Any,0.200000002980232
Cd,MN3,MNN,Auger,KE,369.0,10kvcrr4,Any,0.0049999998882412
Cd,MN4,MNN,Auger,KE,315.0,10kvcrr4,Any,0.368999987840652
Cd,MN4,MNN,Auger,KE,315.0,ALSCOF,Al Kα,2.0
Cd,MN4,MNN,Auger,KE,315.0,AUGQNT,Any,0.0
Cd,MN5,MNN,Auger,KE,268.0,ALSCOF,Al Kα,1.0
Cd,MN5,MNN,Auger,KE,268.0,AUGQNT,Any,0.100000001490116
Cd,MN5,MNN,Auger,KE,280.5,10kvcrr4,Any,0.0430000014603138
Cd,NO1,NOO,Auger,KE,44.5,10kvcrr4,Any,0.0759999975562096
Cd,NO1,NOO,Auger,KE,101.0,AUGQNT,Any,0.259999990463257
Cd,3d,,XPS,BE,408.5,ALSCOF,Al Kα,20.2199993133545
Cd,3d,,XPS,BE,408.5,MGSCOF,Mg Kα,20.1299991607666
Cd,3d3/2,,XPS,BE,412.0,ALSCOF,Al Kα,8.27000045776367
Cd,3d3/2,,XPS,BE,412.0,MGSCOF,Mg Kα,8.22000026702881
Cd,3d5/2,,XPS,BE,405.0,ALSCOF,Al Kα,11.9499998092651
Cd,3d5/2,,XPS,BE,405.0,ALWAGNER,Al Kα,3.0
Cd,3d5/2,,XPS,BE,405.0,MGSCOF,Mg Kα,11.9099998474121
Cd,3d5/2,,XPS,BE,405.0,MGWAGNER,Mg Kα,3.0
Cd,3p1/2,,XPS,BE,652.0,ALSCOF,Al Kα,4.21999979019165
Cd,3p1/2,,XPS,BE,652.0,MGSCOF,Mg Kα,3.39000010490417
Cd,3p3/2,,XPS,BE,618.0,ALSCOF,Al Kα,8.0
Cd,3p3/2,,XPS,BE,618.0,ALWAGNER,Al Kα,1.75999999046326
Cd,3p3/2,,XPS,BE,618.0,MGSCOF,Mg Kα,6.96000003814697
Cd,3p3/2,,XPS,BE,618.0,MGWAGNER,Mg Kα,1.44000005722046
Cd,3s,,XPS,BE,772.0,ALSCOF,Al Kα,3.03999996185303
Cd,3s,,XPS,BE,772.0,MGSCOF,Mg Kα,2.40000009536743
Cd,4d,,XPS,BE,11.0,ALSCOF,Al Kα,1.88800001144409
Cd,4d,,XPS,BE,11.0,MGSCOF,Mg Kα,1.81700003147125
Cd,4p,,XPS,BE,68.0,ALSCOF,Al Kα,2.25200009346008
Cd,4p,,XPS,BE,68.0,MGSCOF,Mg Kα,1.89600002765656
Cd,4s,,XPS,BE,109.0,ALSCOF,Al Kα,0.691999971866608
Cd,4s,,XPS,BE,109.0,MGSCOF,Mg Kα,0.570999979972839
Ce,MN1,MNN,Auger,KE,767.0,ALSCOF,Al Kα,10.0
Ce,MN1,MNN,Auger,KE,767.0,AUGQNT,Any,0.0099999997764825
Ce,MN2,MNN,Auger,KE,752.0,ALSCOF,Al Kα,10.0
Ce,MN2,MNN,Auger,KE,752.0,AUGQNT,Any,0.0099999997764825
Ce,MN3,MNN,Auger,KE,731.0,ALSCOF,Al Kα,10.0
Ce,MN3,MNN,Auger,KE,731.0,AUGQNT,Any,0.0010000000474974
Ce,MN4,MNN,Auger,KE,654.0,ALSCOF,Al Kα,10.0
Ce,MN4,MNN,Auger,KE,654.0,AUGQNT,Any,0.0399999991059303
Ce,MN5,MNN,Auger,KE,623.0,ALSCOF,Al Kα,10.0
Ce,MN5,MNN,Auger,KE,623.0,AUGQNT,Any,0.0099999997764825
Ce,NO1,NOO,Auger,KE,82.0,AUGQNT,Any,0.170000001788139
Ce,3d,,XPS,BE,891.0,ALSCOF,Al Kα,51.6199989318848
Ce,3d,,XPS,BE,891.0,ALWAGNER,Al Kα,10.0
Ce,3d,,XPS,BE,891.0,MGWAGNER,Mg Kα,10.0
Ce,3d3/2,,XPS,BE,900.0,ALSCOF,Al Kα,21.1200008392334
Ce,3d3/2,,XPS,BE,900.0,MGSCOF,Mg Kα,19.6700000762939
Ce,3d5/2,,XPS,BE,882.0,ALSCOF,Al Kα,30.0
Ce,3d5/2,,XPS,BE,882.0,MGSCOF,Mg Kα,28.5699996948242
Ce,3p1/2,,XPS,BE,1271.1269,ALSCOF,Al Kα,0.0
Ce,3p3/2,,XPS,BE,1184.1182,ALSCOF,Al Kα,0.0
Ce,3p3/2,,XPS,BE,1184.1182,MGSCOF,Mg Kα,0.0
Ce,4d,,XPS,BE,110.0,ALSCOF,Al Kα,6.92999982833862
Ce,4d,,XPS,BE,110.0,ALWAGNER,Al Kα,2.20000004768372
Ce,4d,,XPS,BE,110.0,MGSCOF,Mg Kα,6.32000017166138
Ce,4d,,XPS,BE,110.0,MGWAGNER,Mg Kα,1.79999995231628
Ce,4d3/2,,XPS,BE,112.0,ALSCOF,Al Kα,2.83999991416931
Ce,4d3/2,,XPS,BE,112.0,MGSCOF,Mg Kα,2.57999992370605
Ce,4d5/2,,XPS,BE,108.0,ALSCOF,Al Kα,4.09000015258789
Ce,4d5/2,,XPS,BE,108.0,MGSCOF,Mg Kα,3.74000000953674
Ce,4p1/2,,XPS,BE,222.0,ALSCOF,Al Kα,1.47000002861023
Ce,4p1/2,,XPS,BE,222.0,MGSCOF,Mg Kα,1.17999994754791
Ce,4p3/2,,XPS,BE,207.0,ALSCOF,Al Kα,3.02999997138977
Ce,4p3/2,,XPS,BE,207.0,MGSCOF,Mg Kα,2.49000000953674
Ce,4s,,XPS,BE,290.0,ALSCOF,Al Kα,1.24000000953674
Ce,4s,,XPS,BE,290.0,MGSCOF,Mg Kα,1.0
Ce,5p,,XPS,BE,18.0,ALSCOF,Al Kα,0.660000026226044
Ce,5p,,XPS,BE,18.0,MGSCOF,Mg Kα,0.546000003814697
Ce,5s,,XPS,BE,37.0,ALSCOF,Al Kα,0.230000004172325
Ce,5s,,XPS,BE,37.0,MGSCOF,Mg Kα,0.188999995589256
Cl,LM1,LMM,Auger,KE,185.0,ALSCOF,Al Kα,0.0
Cl,LM1,LMM,Auger,KE,185.0,AUGQNT,Any,0.0049999998882412
Cl,LM2,LMM,Auger,KE,176.0,ALSCOF,Al Kα,1.0
Cl,LM2,LMM,Auger,KE,176.0,AUGQNT,Any,0.100000001490116
Cl,2p,,XPS,BE,200.0,ALSCOF,Al Kα,2.28500008583069
Cl,2p,,XPS,BE,200.0,ALWAGNER,Al Kα,0.730000019073486
Cl,2p,,XPS,BE,200.0,MGSCOF,Mg Kα,2.35999989509583
Cl,2p,,XPS,BE,200.0,MGWAGNER,Mg Kα,0.730000019073486
Cl,2p1/2,,XPS,BE,201.0,ALSCOF,Al Kα,0.774999976158142
Cl,2p1/2,,XPS,BE,201.0,MGSCOF,Mg Kα,0.800000011920929
Cl,2p3/2,,XPS,BE,199.0,ALSCOF,Al Kα,1.50999999046326
Cl,2p3/2,,XPS,BE,199.0,MGSCOF,Mg Kα,1.55999994277954
Cl,2s,,XPS,BE,270.0,ALSCOF,Al Kα,1.69000005722046
Cl,2s,,XPS,BE,270.0,ALWAGNER,Al Kα,0.407000005245209
Cl,2s,,XPS,BE,270.0,MGSCOF,Mg Kα,1.48000001907349
Cl,2s,,XPS,BE,270.0,MGWAGNER,Mg Kα,0.333000004291534
Cl,3s,,XPS,BE,17.0,ALSCOF,Al Kα,0.185000002384186
Cl,3s,,XPS,BE,17.0,MGSCOF,Mg Kα,0.163000002503395
Cm,4d3/2,,XPS,BE,919.0,ALSCOF,Al Kα,11.8800001144409
Cm,4d3/2,,XPS,BE,919.0,MGSCOF,Mg Kα,8.44999980926514
Cm,4d5/2,,XPS,BE,865.0,ALSCOF,Al Kα,18.4300003051758
Cm,4d5/2,,XPS,BE,865.0,MGSCOF,Mg Kα,13.5699996948242
Cm,4f5/2,,XPS,BE,487.0,ALSCOF,Al Kα,27.4500007629395
Cm,4f5/2,,XPS,BE,487.0,MGSCOF,Mg Kα,25.7999992370605
Cm,4f7/2,,XPS,BE,473.0,ALSCOF,Al Kα,34.9700012207031
Cm,4f7/2,,XPS,BE,473.0,MGSCOF,Mg Kα,33.0900001525879
Cm,5d5/2,,XPS,BE,113.0,ALSCOF,Al Kα,4.1100001335144
Cm,5d5/2,,XPS,BE,113.0,MGSCOF,Mg Kα,3.0
Cm,5p3/2,,XPS,BE,232.0,ALSCOF,Al Kα,2.55999994277954
Cm,5p3/2,,XPS,BE,232.0,MGSCOF,Mg Kα,2.01999998092651
Cm,6p1/2,,XPS,BE,32.0,ALSCOF,Al Kα,0.138999998569489
Cm,6p1/2,,XPS,BE,32.0,MGSCOF,Mg Kα,0.104000002145767
Cm,6p3/2,,XPS,BE,18.0,ALSCOF,Al Kα,0.425999999046326
Cm,6p3/2,,XPS,BE,18.0,MGSCOF,Mg Kα,0.340000003576279
Co,LM1,LMM,Auger,KE,789.0,ALSCOF,Al Kα,0.0799999982118607
Co,LM1,LMM,Auger,KE,789.0,AUGQNT,Any,0.0799999982118607
Co,LM1,LMM,Auger,KE,790.0,10kvcrr4,Any,0.0209999997168779
Co,LM2,LMM,Auger,KE,774.0,ALSCOF,Al Kα,0.519999980926514
Co,LM2,LMM,Auger,KE,774.0,AUGQNT,Any,0.519999980926514
Co,LM2,LMM,Auger,KE,774.5,10kvcrr4,Any,0.439999997615814
Co,LM3,LMM,Auger,KE,711.5,10kvcrr4,Any,0.453000009059906
Co,LM3,LMM,Auger,KE,748.0,ALSCOF,Al Kα,0.119999997317791
Co,LM3,LMM,Auger,KE,748.0,AUGQNT,Any,0.119999997317791
Co,LM4,LMM,Auger,KE,673.5,10kvcrr4,Any,0.0109999999403954
Co,LM4,LMM,Auger,KE,715.0,ALSCOF,Al Kα,0.370000004768372
Co,LM4,LMM,Auger,KE,715.0,AUGQNT,Any,0.370000004768372
Co,LM5,LMM,Auger,KE,657.0,10kvcrr4,Any,0.034000001847744
Co,LM5,LMM,Auger,KE,711.0,ALSCOF,Al Kα,0.409999996423721
Co,LM5,LMM,Auger,KE,711.0,AUGQNT,Any,0.409999996423721
Co,LM6,LMM,Auger,KE,649.5,10kvcrr4,Any,0.319999992847443
Co,LM6,LMM,Auger,KE,672.0,ALSCOF,Al Kα,0.129999995231628
Co,LM6,LMM,Auger,KE,672.0,AUGQNT,Any,0.129999995231628
Co,LM7,LMM,Auger,KE,618.0,10kvcrr4,Any,0.0199999995529652
Co,LM7,LMM,Auger,KE,649.0,ALSCOF,Al Kα,0.300000011920929
Co,LM7,LMM,Auger,KE,649.0,AUGQNT,Any,0.300000011920929
Co,LM8,LMM,Auger,KE,605.0,10kvcrr4,Any,0.0140000004321337
Co,LM8,LMM,Auger,KE,619.0,ALSCOF,Al Kα,0.109999999403954
Co,LM8,LMM,Auger,KE,619.0,AUGQNT,Any,0.109999999403954
Co,LM9,LMM,Auger,KE,607.0,ALSCOF,Al Kα,0.0599999986588955
Co,LM9,LMM,Auger,KE,607.0,AUGQNT,Any,0.0599999986588955
Co,MN1,MNN,Auger,KE,55.0,AUGQNT,Any,0.509999990463257
Co,MN1,MNN,Auger,KE,96.0,10kvcrr4,Any,0.006000000052154
Co,MN2,MNN,Auger,KE,54.0,10kvcrr4,Any,0.331000000238419
Co,2p,,XPS,BE,788.5,ALSCOF,Al Kα,19.1599998474121
Co,2p,,XPS,BE,788.5,ALWAGNER,Al Kα,3.79999995231628
Co,2p,,XPS,BE,788.5,MGWAGNER,Mg Kα,3.79999995231628
Co,2p1/2,,XPS,BE,796.0,ALSCOF,Al Kα,6.53999996185303
Co,2p1/2,,XPS,BE,796.0,ALWAGNER,Al Kα,1.29999995231628
Co,2p1/2,,XPS,BE,796.0,MGSCOF,Mg Kα,6.28000020980835
Co,2p1/2,,XPS,BE,796.0,MGWAGNER,Mg Kα,1.29999995231628
Co,2p3/2,,XPS,BE,781.0,ALSCOF,Al Kα,12.6199998855591
Co,2p3/2,,XPS,BE,781.0,ALWAGNER,Al Kα,2.0
Co,2p3/2,,XPS,BE,781.0,MGSCOF,Mg Kα,12.1999998092651
Co,2p3/2,,XPS,BE,781.0,MGWAGNER,Mg Kα,2.0
Co,2s,,XPS,BE,927.0,ALSCOF,Al Kα,4.88000011444092
Co,2s,,XPS,BE,927.0,MGSCOF,Mg Kα,3.92000007629395
Co,3p,,XPS,BE,62.0,ALSCOF,Al Kα,1.92999994754791
Co,3p,,XPS,BE,62.0,ALWAGNER,Al Kα,0.384999990463257
Co,3p,,XPS,BE,62.0,MGSCOF,Mg Kα,1.80599999427795
Co,3p,,XPS,BE,62.0,MGWAGNER,Mg Kα,0.314999997615814
Co,3p1/2,,XPS,BE,63.0,ALSCOF,Al Kα,0.660000026226044
Co,3p1/2,,XPS,BE,63.0,MGSCOF,Mg Kα,0.61599999666214
Co,3p3/2,,XPS,BE,61.0,ALSCOF,Al Kα,1.26999998092651
Co,3p3/2,,XPS,BE,61.0,MGSCOF,Mg Kα,1.19000005722046
Co,3s,,XPS,BE,103.0,ALSCOF,Al Kα,0.818000018596649
Co,3s,,XPS,BE,103.0,MGSCOF,Mg Kα,0.693000018596649
Cr,LM1,LMM,Auger,KE,570.5,10kvcrr4,Any,0.123999997973442
Cr,LM1,LMM,Auger,KE,571.0,ALSCOF,Al Kα,0.0900000035762787
Cr,LM1,LMM,Auger,KE,571.0,AUGQNT,Any,0.0900000035762787
Cr,LM2,LMM,Auger,KE,528.0,10kvcrr4,Any,0.377999991178513
Cr,LM2,LMM,Auger,KE,529.0,ALSCOF,Al Kα,0.28999999165535
Cr,LM2,LMM,Auger,KE,529.0,AUGQNT,Any,0.28999999165535
Cr,LM3,LMM,Auger,KE,489.0,ALSCOF,Al Kα,0.209999993443489
Cr,LM3,LMM,Auger,KE,489.0,AUGQNT,Any,0.209999993443489
Cr,LM3,LMM,Auger,KE,490.0,10kvcrr4,Any,0.35699999332428
Cr,LM4,LMM,Auger,KE,459.0,ALSCOF,Al Kα,0.100000001490116
Cr,LM4,LMM,Auger,KE,459.0,AUGQNT,Any,0.100000001490116
Cr,LM4,LMM,Auger,KE,481.5,10kvcrr4,Any,0.068000003695488
Cr,LM5,LMM,Auger,KE,447.0,ALSCOF,Al Kα,0.0599999986588955
Cr,LM5,LMM,Auger,KE,447.0,AUGQNT,Any,0.0599999986588955
Cr,LM5,LMM,Auger,KE,460.0,10kvcrr4,Any,0.0209999997168779
Cr,LM6,LMM,Auger,KE,448.5,10kvcrr4,Any,0.0149999996647239
Cr,MN1,MNN,Auger,KE,50.0,10kvcrr4,Any,0.0320000015199184
Cr,MN2,MNN,Auger,KE,37.5,10kvcrr4,Any,0.30799999833107
Cr,2p,,XPS,BE,581.5,ALSCOF,Al Kα,11.6700000762939
Cr,2p,,XPS,BE,581.5,ALWAGNER,Al Kα,2.29999995231628
Cr,2p,,XPS,BE,581.5,MGWAGNER,Mg Kα,2.29999995231628
Cr,2p1/2,,XPS,BE,586.0,ALSCOF,Al Kα,3.98000001907349
Cr,2p1/2,,XPS,BE,586.0,ALWAGNER,Al Kα,0.800000011920929
Cr,2p1/2,,XPS,BE,586.0,MGSCOF,Mg Kα,3.92000007629395
Cr,2p1/2,,XPS,BE,586.0,MGWAGNER,Mg Kα,0.800000011920929
Cr,2p3/2,,XPS,BE,577.0,ALSCOF,Al Kα,7.69000005722046
Cr,2p3/2,,XPS,BE,577.0,ALWAGNER,Al Kα,1.0
Cr,2p3/2,,XPS,BE,577.0,MGSCOF,Mg Kα,7.59999990463257
Cr,2p3/2,,XPS,BE,577.0,MGWAGNER,Mg Kα,1.0
Cr,2s,,XPS,BE,698.0,ALSCOF,Al Kα,3.91000008583069
Cr,2s,,XPS,BE,698.0,MGSCOF,Mg Kα,3.23000001907349
Cr,3p,,XPS,BE,45.5,ALSCOF,Al Kα,1.17299997806549
Cr,3p,,XPS,BE,45.5,ALWAGNER,Al Kα,0.231000006198883
Cr,3p,,XPS,BE,45.5,MGSCOF,Mg Kα,1.12199997901917
Cr,3p,,XPS,BE,45.5,MGWAGNER,Mg Kα,0.188999995589256
Cr,3p1/2,,XPS,BE,46.0,ALSCOF,Al Kα,0.400000005960464
Cr,3p1/2,,XPS,BE,46.0,MGSCOF,Mg Kα,0.381999999284744
Cr,3p3/2,,XPS,BE,45.0,ALSCOF,Al Kα,0.773000001907349
Cr,3p3/2,,XPS,BE,45.0,MGSCOF,Mg Kα,0.740000009536743
Cr,3s,,XPS,BE,77.0,ALSCOF,Al Kα,0.596000015735626
Cr,3s,,XPS,BE,77.0,MGSCOF,Mg Kα,0.510999977588654
Cs,MN1,MNN,Auger,KE,568.0,ALSCOF,Al Kα,0.189999997615814
Cs,MN1,MNN,Auger,KE,568.0,AUGQNT,Any,0.189999997615814
Cs,MN2,MNN,Auger,KE,571.0,ALSCOF,Al Kα,0.109999999403954
Cs,MN2,MNN,Auger,KE,571.0,AUGQNT,Any,0.109999999403954
Cs,MN3,MNN,Auger,KE,563.0,ALSCOF,Al Kα,0.230000004172325
Cs,MN3,MNN,Auger,KE,563.0,AUGQNT,Any,0.230000004172325
Cs,3d3/2,,XPS,BE,738.0,ALSCOF,Al Kα,16.4599990844727
Cs,3d3/2,,XPS,BE,738.0,MGSCOF,Mg Kα,15.8000001907349
Cs,3d5/2,,XPS,BE,724.0,ALSCOF,Al Kα,23.7600002288818
Cs,3d5/2,,XPS,BE,724.0,ALWAGNER,Al Kα,7.19999980926514
Cs,3d5/2,,XPS,BE,724.0,MGSCOF,Mg Kα,22.9300003051758
Cs,3d5/2,,XPS,BE,724.0,MGWAGNER,Mg Kα,7.19999980926514
Cs,3p1/2,,XPS,BE,1064.1062,ALSCOF,Al Kα,0.0
Cs,3p1/2,,XPS,BE,1064.1062,MGSCOF,Mg Kα,0.0
Cs,3p3/2,,XPS,BE,997.0,ALSCOF,Al Kα,11.3800001144409
Cs,3p3/2,,XPS,BE,997.0,MGSCOF,Mg Kα,8.9399995803833
Cs,3s,,XPS,BE,1216.1214,ALSCOF,Al Kα,0.0
Cs,4d,,XPS,BE,76.0,ALSCOF,Al Kα,25.0
Cs,4d,,XPS,BE,76.0,ALWAGNER,Al Kα,2.20000004768372
Cs,4d,,XPS,BE,76.0,MGSCOF,Mg Kα,4.86999988555908
Cs,4d,,XPS,BE,76.0,MGWAGNER,Mg Kα,1.79999995231628
Cs,4d3/2,,XPS,BE,77.0,ALSCOF,Al Kα,2.15000009536743
Cs,4d3/2,,XPS,BE,77.0,MGSCOF,Mg Kα,1.99000000953674
Cs,4d5/2,,XPS,BE,75.0,ALSCOF,Al Kα,3.09999990463257
Cs,4d5/2,,XPS,BE,75.0,MGSCOF,Mg Kα,2.88000011444092
Cs,4p1/2,,XPS,BE,170.0,ALSCOF,Al Kα,1.26999998092651
Cs,4p1/2,,XPS,BE,170.0,MGSCOF,Mg Kα,1.02999997138977
Cs,4p3/2,,XPS,BE,158.0,ALSCOF,Al Kα,2.55999994277954
Cs,4p3/2,,XPS,BE,158.0,MGSCOF,Mg Kα,2.11999988555908
Cs,4s,,XPS,BE,230.0,ALSCOF,Al Kα,1.08000004291534
Cs,4s,,XPS,BE,230.0,MGSCOF,Mg Kα,0.876999974250793
Cs,5s,,XPS,BE,24.0,ALSCOF,Al Kα,0.184000000357628
Cs,5s,,XPS,BE,24.0,MGSCOF,Mg Kα,0.151999995112419
Cu,LM1,LMM,Auger,KE,937.0,ALSCOF,Al Kα,0.119999997317791
Cu,LM1,LMM,Auger,KE,937.0,AUGQNT,Any,0.119999997317791
Cu,LM2,LMM,Auger,KE,918.0,ALSCOF,Al Kα,0.629999995231628
Cu,LM2,LMM,Auger,KE,918.0,AUGQNT,Any,0.629999995231628
Cu,LM2,LMM,Auger,KE,918.5,10kvcrr4,Any,0.675999999046326
Cu,LM3,LMM,Auger,KE,848.0,10kvcrr4,Any,0.0209999997168779
Cu,LM4,LMM,Auger,KE,840.0,10kvcrr4,Any,0.349999994039536
Cu,LM5,LMM,Auger,KE,839.0,ALSCOF,Al Kα,0.370000004768372
Cu,LM5,LMM,Auger,KE,839.0,AUGQNT,Any,0.370000004768372
Cu,LM6,LMM,Auger,KE,768.0,10kvcrr4,Any,0.0
Cu,LM6,LMM,Auger,KE,797.0,ALSCOF,Al Kα,0.119999997317791
Cu,LM6,LMM,Auger,KE,797.0,AUGQNT,Any,0.119999997317791
Cu,LM7,LMM,Auger,KE,730.5,10kvcrr4,Any,0.0120000001043081
Cu,LM7,LMM,Auger,KE,774.0,ALSCOF,Al Kα,0.209999993443489
Cu,LM7,LMM,Auger,KE,774.0,AUGQNT,Any,0.209999993443489
Cu,LM8,LMM,Auger,KE,718.5,10kvcrr4,Any,0.0160000007599592
Cu,LM8,LMM,Auger,KE,768.0,ALSCOF,Al Kα,0.219999998807907
Cu,LM8,LMM,Auger,KE,768.0,AUGQNT,Any,0.219999998807907
Cu,LM9,LMM,Auger,KE,731.0,ALSCOF,Al Kα,0.0700000002980232
Cu,LM9,LMM,Auger,KE,731.0,AUGQNT,Any,0.0700000002980232
Cu,MN1,MNN,Auger,KE,108.5,10kvcrr4,Any,0.0089999996125698
Cu,MN1,MNN,Auger,KE,109.0,AUGQNT,Any,0.0299999993294477
Cu,MN2,MNN,Auger,KE,63.5,10kvcrr4,Any,0.310999989509583
Cu,MN2,MNN,Auger,KE,64.0,AUGQNT,Any,0.379999995231628
Cu,MN3,MNN,Auger,KE,61.0,10kvcrr4,Any,0.0209999997168779
Cu,2p,,XPS,BE,944.0,ALSCOF,Al Kα,25.3899993896484
Cu,2p,,XPS,BE,944.0,ALWAGNER,Al Kα,6.30000019073486
Cu,2p,,XPS,BE,944.0,MGWAGNER,Mg Kα,6.30000019073486
Cu,2p1/2,,XPS,BE,954.0,ALSCOF,Al Kα,8.65999984741211
Cu,2p1/2,,XPS,BE,954.0,ALWAGNER,Al Kα,2.09999990463257
Cu,2p1/2,,XPS,BE,954.0,MGSCOF,Mg Kα,8.18000030517578
Cu,2p1/2,,XPS,BE,954.0,MGWAGNER,Mg Kα,2.09999990463257
Cu,2p3/2,,XPS,BE,934.0,ALSCOF,Al Kα,16.7299995422363
Cu,2p3/2,,XPS,BE,934.0,ALWAGNER,Al Kα,4.19999980926514
Cu,2p3/2,,XPS,BE,934.0,MGSCOF,Mg Kα,15.8699998855591
Cu,2p3/2,,XPS,BE,934.0,MGWAGNER,Mg Kα,4.19999980926514
Cu,2s,,XPS,BE,1098.1096,ALSCOF,Al Kα,0.0
Cu,2s,,XPS,BE,1098.1096,MGSCOF,Mg Kα,0.0
Cu,3p,,XPS,BE,78.0,ALSCOF,Al Kα,2.4779999256134
Cu,3p,,XPS,BE,78.0,ALWAGNER,Al Kα,0.714999973773956
Cu,3p,,XPS,BE,78.0,MGSCOF,Mg Kα,2.27900004386902
Cu,3p,,XPS,BE,78.0,MGWAGNER,Mg Kα,0.584999978542328
Cu,3p1/2,,XPS,BE,79.0,ALSCOF,Al Kα,0.84799998998642
Cu,3p1/2,,XPS,BE,79.0,MGSCOF,Mg Kα,0.778999984264374
Cu,3p3/2,,XPS,BE,77.0,ALSCOF,Al Kα,1.62999999523163
Cu,3p3/2,,XPS,BE,77.0,MGSCOF,Mg Kα,1.0
Cu,3s,,XPS,BE,124.0,ALSCOF,Al Kα,0.957000017166138
Cu,3s,,XPS,BE,124.0,MGSCOF,Mg Kα,0.805000007152557
Dy,3d3/2,,XPS,BE,1334.1332,ALSCOF,Al Kα,0.0
Dy,3d5/2,,XPS,BE,1295.1293,ALSCOF,Al Kα,0.0
Dy,4d,,XPS,BE,154.0,ALSCOF,Al Kα,11.4300003051758
Dy,4d,,XPS,BE,154.0,ALWAGNER,Al Kα,2.0
Dy,4d,,XPS,BE,154.0,MGSCOF,Mg Kα,9.92000007629395
Dy,4d,,XPS,BE,154.0,MGWAGNER,Mg Kα,2.0
Dy,4p1/2,,XPS,BE,329.0,ALSCOF,Al Kα,1.87999999523163
Dy,4p1/2,,XPS,BE,329.0,MGSCOF,Mg Kα,1.45000004768372
Dy,4p3/2,,XPS,BE,293.0,ALSCOF,Al Kα,4.11999988555908
Dy,4p3/2,,XPS,BE,293.0,ALWAGNER,Al Kα,0.600000023841858
Dy,4p3/2,,XPS,BE,293.0,MGSCOF,Mg Kα,3.29999995231628
Dy,4p3/2,,XPS,BE,293.0,MGWAGNER,Mg Kα,0.600000023841858
Dy,4s,,XPS,BE,412.0,ALSCOF,Al Kα,1.58000004291534
Dy,4s,,XPS,BE,412.0,MGSCOF,Mg Kα,1.0
Dy,5p,,XPS,BE,26.0,ALSCOF,Al Kα,0.820999979972839
Dy,5p,,XPS,BE,26.0,MGSCOF,Mg Kα,0.662999987602234
Dy,5s,,XPS,BE,63.0,ALSCOF,Al Kα,0.287000000476837
Dy,5s,,XPS,BE,63.0,MGSCOF,Mg Kα,0.23199999332428
Er,MN1,MNN,Auger,KE,1387.0,AUGQNT,Any,0.0399999991059303
Er,MN1,MNN,Auger,KE,1428.1405,10kvcrr4,Any,0.0
Er,MN2,MNN,Auger,KE,1215.0,ALSCOF,Al Kα,0.0500000007450581
Er,MN2,MNN,Auger,KE,1215.0,AUGQNT,Any,0.0500000007450581
Er,MN2,MNN,Auger,KE,1383.5,10kvcrr4,Any,0.321000009775162
Er,MN3,MNN,Auger,KE,1037.0,ALSCOF,Al Kα,0.0599999986588955
Er,MN3,MNN,Auger,KE,1037.0,AUGQNT,Any,0.0599999986588955
Er,MN3,MNN,Auger,KE,1208.5,10kvcrr4,Any,0.0
Er,MN4,MNN,Auger,KE,902.0,ALSCOF,Al Kα,0.0199999995529652
Er,MN4,MNN,Auger,KE,902.0,AUGQNT,Any,0.0199999995529652
Er,MN4,MNN,Auger,KE,1039.5,10kvcrr4,Any,0.0
Er,MN5,MNN,Auger,KE,847.0,ALSCOF,Al Kα,0.0099999997764825
Er,MN5,MNN,Auger,KE,847.0,AUGQNT,Any,0.0099999997764825
Er,MN5,MNN,Auger,KE,898.5,10kvcrr4,Any,0.0469999983906746
Er,NO1,NOO,Auger,KE,149.0,10kvcrr4,Any,0.970000028610229
Er,NO2,NOO,Auger,KE,132.0,10kvcrr4,Any,0.034000001847744
Er,4d,,XPS,BE,169.0,ALSCOF,Al Kα,12.5600004196167
Er,4d,,XPS,BE,169.0,ALWAGNER,Al Kα,2.0
Er,4d,,XPS,BE,169.0,MGSCOF,Mg Kα,10.7600002288818
Er,4d,,XPS,BE,169.0,MGWAGNER,Mg Kα,2.0
Er,4p1/2,,XPS,BE,362.0,ALSCOF,Al Kα,1.95000004768372
Er,4p1/2,,XPS,BE,362.0,MGSCOF,Mg Kα,1.49000000953674
Er,4p3/2,,XPS,BE,320.0,ALSCOF,Al Kα,4.36999988555908
Er,4p3/2,,XPS,BE,320.0,ALWAGNER,Al Kα,0.600000023841858
Er,4p3/2,,XPS,BE,320.0,MGSCOF,Mg Kα,3.48000001907349
Er,4p3/2,,XPS,BE,320.0,MGWAGNER,Mg Kα,0.600000023841858
Er,4s,,XPS,BE,451.0,ALSCOF,Al Kα,1.63999998569489
Er,4s,,XPS,BE,451.0,MGSCOF,Mg Kα,1.28999996185303
Er,5p,,XPS,BE,25.0,ALSCOF,Al Kα,0.848999977111816
Er,5p,,XPS,BE,25.0,MGSCOF,Mg Kα,0.683000028133392
Er,5s,,XPS,BE,61.0,ALSCOF,Al Kα,0.298000007867813
Er,5s,,XPS,BE,61.0,MGSCOF,Mg Kα,0.239999994635582
Eu,MN1,MNN,Auger,KE,1122.1097,10kvcrr4,Any,0.0
Eu,MN2,MNN,Auger,KE,980.5,10kvcrr4,Any,0.381000012159348
Eu,MN3,MNN,Auger,KE,845.5,10kvcrr4,Any,0.704999983310699
Eu,MN4,MNN,Auger,KE,717.0,10kvcrr4,Any,0.100000001490116
Eu,MN5,MNN,Auger,KE,697.0,10kvcrr4,Any,0.003000000026077
Eu,NO1,NOO,Auger,KE,135.0,10kvcrr4,Any,0.248999997973442
Eu,NO2,NOO,Auger,KE,120.5,10kvcrr4,Any,0.0399999991059303
Eu,NO3,NOO,Auger,KE,103.0,10kvcrr4,Any,0.127000004053116
Eu,NO4,NOO,Auger,KE,81.5,10kvcrr4,Any,0.0199999995529652
Eu,3d,,XPS,BE,1151.1149,ALSCOF,Al Kα,0.526068
Eu,3d,,XPS,BE,1151.1149,ALWAGNER,Al Kα,5.0
Eu,3d,,XPS,BE,1151.1149,MGWAGNER,Mg Kα,5.0
Eu,3d3/2,,XPS,BE,1166.1164,ALSCOF,Al Kα,0.0
Eu,3d3/2,,XPS,BE,1166.1164,MGSCOF,Mg Kα,0.55338791337984
Eu,3d5/2,,XPS,BE,1136.1134,ALSCOF,Al Kα,0.0
Eu,3d5/2,,XPS,BE,1136.1134,MGSCOF,Mg Kα,0.0
Eu,4d,,XPS,BE,136.0,ALSCOF,Al Kα,9.72999954223633
Eu,4d,,XPS,BE,136.0,ALWAGNER,Al Kα,2.20000004768372
Eu,4d,,XPS,BE,136.0,MGSCOF,Mg Kα,8.60000038146973
Eu,4d,,XPS,BE,136.0,MGWAGNER,Mg Kα,1.79999995231628
Eu,4p1/2,,XPS,BE,289.0,ALSCOF,Al Kα,1.0
Eu,4p1/2,,XPS,BE,289.0,MGSCOF,Mg Kα,1.37000000476837
Eu,4p3/2,,XPS,BE,261.0,ALSCOF,Al Kα,3.72000002861023
Eu,4p3/2,,XPS,BE,261.0,MGSCOF,Mg Kα,3.00999999046326
Eu,4s,,XPS,BE,366.0,ALSCOF,Al Kα,1.46000003814697
Eu,4s,,XPS,BE,366.0,MGSCOF,Mg Kα,1.16999995708466
Eu,5p,,XPS,BE,24.0,ALSCOF,Al Kα,0.769999980926514
Eu,5p,,XPS,BE,24.0,MGSCOF,Mg Kα,0.626999974250793
Eu,5s,,XPS,BE,34.0,ALSCOF,Al Kα,0.26800000667572
Eu,5s,,XPS,BE,34.0,MGSCOF,Mg Kα,0.218999996781349
F,KL1,KLL,Auger,KE,653.0,ALSCOF,Al Kα,0.379999995231628
F,KL1,KLL,Auger,KE,653.0,AUGQNT,Any,0.379999995231628
F,KL2,KLL,Auger,KE,626.0,ALSCOF,Al Kα,0.100000001490116
F,KL2,KLL,Auger,KE,626.0,AUGQNT,Any,0.100000001490116
F,KL3,KLL,Auger,KE,608.0,ALSCOF,Al Kα,0.0500000007450581
F,KL3,KLL,Auger,KE,608.0,AUGQNT,Any,0.0500000007450581
F,1s,,XPS,BE,686.0,ALSCOF,Al Kα,4.42999982833862
F,1s,,XPS,BE,686.0,ALWAGNER,Al Kα,1.0
F,1s,,XPS,BE,686.0,MGSCOF,Mg Kα,4.26000022888184
F,1s,,XPS,BE,686.0,MGWAGNER,Mg Kα,1.0
F,2s,,XPS,BE,30.0,ALSCOF,Al Kα,0.209999993443489
F,2s,,XPS,BE,30.0,ALWAGNER,Al Kα,0.0439999997615814
F,2s,,XPS,BE,30.0,MGSCOF,Mg Kα,0.199000000953674
F,2s,,XPS,BE,30.0,MGWAGNER,Mg Kα,0.0359999984502792
Fe,LM1,LMM,Auger,KE,716.0,ALSCOF,Al Kα,0.0599999986588955
Fe,LM1,LMM,Auger,KE,716.0,AUGQNT,Any,0.0599999986588955
Fe,LM1,LMM,Auger,KE,717.0,10kvcrr4,Any,0.0130000002682209
Fe,LM2,LMM,Auger,KE,703.0,ALSCOF,Al Kα,0.379999995231628
Fe,LM2,LMM,Auger,KE,703.0,AUGQNT,Any,0.379999995231628
Fe,LM2,LMM,Auger,KE,703.5,10kvcrr4,Any,0.277999997138977
Fe,LM3,LMM,Auger,KE,680.0,ALSCOF,Al Kα,0.0799999982118607
Fe,LM3,LMM,Auger,KE,680.0,AUGQNT,Any,0.0799999982118607
Fe,LM3,LMM,Auger,KE,681.0,10kvcrr4,Any,0.006000000052154
Fe,LM4,LMM,Auger,KE,648.0,ALSCOF,Al Kα,0.46000000834465
Fe,LM4,LMM,Auger,KE,648.0,AUGQNT,Any,0.46000000834465
Fe,LM4,LMM,Auger,KE,649.0,10kvcrr4,Any,0.425999999046326
Fe,LM5,LMM,Auger,KE,611.0,ALSCOF,Al Kα,0.150000005960464
Fe,LM5,LMM,Auger,KE,611.0,AUGQNT,Any,0.150000005960464
Fe,LM5,LMM,Auger,KE,612.0,10kvcrr4,Any,0.0089999996125698
Fe,LM6,LMM,Auger,KE,598.0,ALSCOF,Al Kα,0.340000003576279
Fe,LM6,LMM,Auger,KE,598.0,AUGQNT,Any,0.340000003576279
Fe,LM6,LMM,Auger,KE,598.5,10kvcrr4,Any,0.34400001168251
Fe,LM7,LMM,Auger,KE,592.0,10kvcrr4,Any,0.0359999984502792
Fe,LM8,LMM,Auger,KE,564.0,10kvcrr4,Any,0.0199999995529652
Fe,LM8,LMM,Auger,KE,564.0,ALSCOF,Al Kα,0.170000001788139
Fe,LM8,LMM,Auger,KE,564.0,AUGQNT,Any,0.170000001788139
Fe,LM9,LMM,Auger,KE,550.0,10kvcrr4,Any,0.0140000004321337
Fe,LM9,LMM,Auger,KE,551.0,ALSCOF,Al Kα,0.100000001490116
Fe,LM9,LMM,Auger,KE,551.0,AUGQNT,Any,0.100000001490116
Fe,MN1,MNN,Auger,KE,88.0,10kvcrr4,Any,0.0179999992251396
Fe,MN1,MNN,Auger,KE,88.0,AUGQNT,Any,0.0500000007450581
Fe,MN2,MNN,Auger,KE,48.5,10kvcrr4,Any,0.351999998092651
Fe,MN2,MNN,Auger,KE,49.0,AUGQNT,Any,0.550000011920929
Fe,2p,,XPS,BE,716.5,ALSCOF,Al Kα,16.4200000762939
Fe,2p,,XPS,BE,716.5,ALWAGNER,Al Kα,3.0
Fe,2p,,XPS,BE,716.5,MGWAGNER,Mg Kα,3.0
Fe,2p1/2,,XPS,BE,723.0,ALSCOF,Al Kα,59999990463257.0
Fe,2p1/2,,XPS,BE,723.0,ALWAGNER,Al Kα,1.0
Fe,2p1/2,,XPS,BE,723.0,MGSCOF,Mg Kα,42999982833862.0
Fe,2p1/2,,XPS,BE,723.0,MGWAGNER,Mg Kα,1.0
Fe,2p3/2,,XPS,BE,710.0,ALSCOF,Al Kα,10.8199996948242
Fe,2p3/2,,XPS,BE,710.0,ALWAGNER,Al Kα,2.0
Fe,2p3/2,,XPS,BE,710.0,MGSCOF,Mg Kα,10.539999961853
Fe,2p3/2,,XPS,BE,710.0,MGWAGNER,Mg Kα,2.0
Fe,2s,,XPS,BE,847.0,ALSCOF,Al Kα,4.57000017166138
Fe,2s,,XPS,BE,847.0,MGSCOF,Mg Kα,3.70000004768372
Fe,3p,,XPS,BE,55.5,ALSCOF,Al Kα,1.6690000295639
Fe,3p,,XPS,BE,55.5,ALWAGNER,Al Kα,0.28600001335144
Fe,3p,,XPS,BE,55.5,MGSCOF,Mg Kα,1.57500004768372
Fe,3p,,XPS,BE,55.5,MGWAGNER,Mg Kα,0.233999997377396
Fe,3p1/2,,XPS,BE,56.0,ALSCOF,Al Kα,0.569000005722046
Fe,3p1/2,,XPS,BE,56.0,MGSCOF,Mg Kα,0.535000026226044
Fe,3p3/2,,XPS,BE,55.0,ALSCOF,Al Kα,1.10000002384186
Fe,3p3/2,,XPS,BE,55.0,MGSCOF,Mg Kα,1.03999996185303
Fe,3s,,XPS,BE,93.0,ALSCOF,Al Kα,0.745000004768372
Fe,3s,,XPS,BE,93.0,MGSCOF,Mg Kα,0.63400000333786
Ga,LM1,LMM,Auger,KE,1094.0,ALSCOF,Al Kα,3.29999995231628
Ga,LM1,LMM,Auger,KE,1094.0,AUGQNT,Any,0.0399999991059303
Ga,LM1,LMM,Auger,KE,1097.5,10kvcrr4,Any,0.165000006556511
Ga,LM2,LMM,Auger,KE,1066.0,ALSCOF,Al Kα,80000019073486.0
Ga,LM2,LMM,Auger,KE,1066.0,AUGQNT,Any,0.0700000002980232
Ga,LM2,LMM,Auger,KE,1071.1047,10kvcrr4,Any,0.0
Ga,LM3,LMM,Auger,KE,1051.0,ALSCOF,Al Kα,3.29999995231628
Ga,LM3,LMM,Auger,KE,1051.0,AUGQNT,Any,0.0399999991059303
Ga,LM3,LMM,Auger,KE,1055.5,10kvcrr4,Any,0.0
Ga,LM4,LMM,Auger,KE,1000.0,ALSCOF,Al Kα,3.29999995231628
Ga,LM4,LMM,Auger,KE,1000.0,AUGQNT,Any,0.0399999991059303
Ga,LM4,LMM,Auger,KE,1003.5,10kvcrr4,Any,0.0
Ga,LM5,LMM,Auger,KE,982.0,ALSCOF,Al Kα,3.29999995231628
Ga,LM5,LMM,Auger,KE,982.0,AUGQNT,Any,0.0399999991059303
Ga,LM5,LMM,Auger,KE,986.5,10kvcrr4,Any,0.0359999984502792
Ga,LM6,LMM,Auger,KE,971.0,ALSCOF,Al Kα,4.09999990463257
Ga,LM6,LMM,Auger,KE,971.0,AUGQNT,Any,0.0500000007450581
Ga,LM6,LMM,Auger,KE,976.0,10kvcrr4,Any,0.194000005722046
Ga,LM7,LMM,Auger,KE,896.0,ALSCOF,Al Kα,2.0
Ga,LM7,LMM,Auger,KE,896.0,AUGQNT,Any,0.0299999993294477
Ga,LM8,LMM,Auger,KE,887.0,ALSCOF,Al Kα,2.0
Ga,LM8,LMM,Auger,KE,887.0,AUGQNT,Any,0.0299999993294477
Ga,2p1/2,,XPS,BE,1144.1142,ALSCOF,Al Kα,0.0
Ga,2p1/2,,XPS,BE,1144.1142,MGSCOF,Mg Kα,0.0
Ga,2p3/2,,XPS,BE,1117.1115,ALSCOF,Al Kα,0.0
Ga,2p3/2,,XPS,BE,1117.1115,ALWAGNER,Al Kα,0.0
Ga,2p3/2,,XPS,BE,1117.1115,MGWAGNER,Mg Kα,0.0
Ga,2s,,XPS,BE,1299.1297,ALSCOF,Al Kα,0.0
Ga,3d,,XPS,BE,20.0,ALSCOF,Al Kα,1.08500003814697
Ga,3d,,XPS,BE,20.0,ALWAGNER,Al Kα,0.310000002384186
Ga,3d,,XPS,BE,20.0,MGSCOF,Mg Kα,1.192999958992
Ga,3d,,XPS,BE,20.0,MGWAGNER,Mg Kα,0.310000002384186
Ga,3p,,XPS,BE,106.5,ALSCOF,Al Kα,3.21000003814697
Ga,3p,,XPS,BE,106.5,ALWAGNER,Al Kα,0.924000024795532
Ga,3p,,XPS,BE,106.5,MGSCOF,Mg Kα,2.91300010681152
Ga,3p,,XPS,BE,106.5,MGWAGNER,Mg Kα,0.755999982357025
Ga,3p1/2,,XPS,BE,108.0,ALSCOF,Al Kα,1.10000002384186
Ga,3p1/2,,XPS,BE,108.0,MGSCOF,Mg Kα,0.992999970912933
Ga,3p3/2,,XPS,BE,105.0,ALSCOF,Al Kα,2.10999989509583
Ga,3p3/2,,XPS,BE,105.0,MGSCOF,Mg Kα,1.91999995708466
Ga,3s,,XPS,BE,160.0,ALSCOF,Al Kα,1.12999999523163
Ga,3s,,XPS,BE,160.0,MGSCOF,Mg Kα,0.944999992847443
Gd,MN4,MNN,Auger,KE,884.5,10kvcrr4,Any,1.16499996185303
Gd,MN5,MNN,Auger,KE,864.5,10kvcrr4,Any,0.0329999998211861
Gd,MN6,MNN,Auger,KE,756.5,10kvcrr4,Any,0.096000000834465
Gd,MN7,MNN,Auger,KE,644.0,10kvcrr4,Any,0.0149999996647239
Gd,NO1,NOO,Auger,KE,140.0,10kvcrr4,Any,0.272000014781952
Gd,NO2,NOO,Auger,KE,132.0,10kvcrr4,Any,0.0049999998882412
Gd,NO3,NOO,Auger,KE,125.0,10kvcrr4,Any,0.0040000001899898
Gd,NO4,NOO,Auger,KE,110.0,10kvcrr4,Any,0.0979999974370003
Gd,NO5,NOO,Auger,KE,86.5,10kvcrr4,Any,0.0130000002682209
Gd,3d3/2,,XPS,BE,1219.1217,ALSCOF,Al Kα,0.0
Gd,3d5/2,,XPS,BE,1186.1184,ALSCOF,Al Kα,0.0
Gd,3d5/2,,XPS,BE,1186.1184,ALWAGNER,Al Kα,0.0
Gd,3d5/2,,XPS,BE,1186.1184,MGSCOF,Mg Kα,0.3495124736
Gd,4d,,XPS,BE,141.0,ALSCOF,Al Kα,10.3999996185303
Gd,4d,,XPS,BE,141.0,ALWAGNER,Al Kα,2.20000004768372
Gd,4d,,XPS,BE,141.0,MGSCOF,Mg Kα,9.14000034332275
Gd,4d,,XPS,BE,141.0,MGWAGNER,Mg Kα,1.79999995231628
Gd,4p1/2,,XPS,BE,301.0,ALSCOF,Al Kα,1.79999995231628
Gd,4p1/2,,XPS,BE,301.0,MGSCOF,Mg Kα,1.4099999666214
Gd,4p3/2,,XPS,BE,270.0,ALSCOF,Al Kα,3.88000011444092
Gd,4p3/2,,XPS,BE,270.0,MGSCOF,Mg Kα,3.13000011444092
Gd,4s,,XPS,BE,380.0,ALSCOF,Al Kα,1.50999999046326
Gd,4s,,XPS,BE,380.0,MGSCOF,Mg Kα,1.20000004768372
Gd,5p,,XPS,BE,21.0,ALSCOF,Al Kα,0.847000002861023
Gd,5p,,XPS,BE,21.0,MGSCOF,Mg Kα,0.688000023365021
Gd,5s,,XPS,BE,36.0,ALSCOF,Al Kα,0.287999987602234
Gd,5s,,XPS,BE,36.0,MGSCOF,Mg Kα,0.234999999403954
Ge,LM1,LMM,Auger,KE,951.5,10kvcrr4,Any,0.128000006079674
Ge,LM1,LMM,Auger,KE,1175.0,ALSCOF,Al Kα,0.0299999993294477
Ge,LM1,LMM,Auger,KE,1175.0,AUGQNT,Any,0.0299999993294477
Ge,LM2,LMM,Auger,KE,1144.0,ALSCOF,Al Kα,0.0700000002980232
Ge,LM2,LMM,Auger,KE,1144.0,AUGQNT,Any,0.0700000002980232
Ge,LM2,LMM,Auger,KE,1160.5,10kvcrr4,Any,0.0120000001043081
Ge,LM3,LMM,Auger,KE,1128.0,ALSCOF,Al Kα,0.0500000007450581
Ge,LM3,LMM,Auger,KE,1128.0,AUGQNT,Any,0.0500000007450581
Ge,LM3,LMM,Auger,KE,1146.5,10kvcrr4,Any,0.0
Ge,LM4,LMM,Auger,KE,1073.0,ALSCOF,Al Kα,0.0299999993294477
Ge,LM4,LMM,Auger,KE,1073.0,AUGQNT,Any,0.0299999993294477
Ge,LM4,LMM,Auger,KE,1130.1121,10kvcrr4,Any,0.0670000016689301
Ge,LM5,LMM,Auger,KE,1053.0,ALSCOF,Al Kα,0.0299999993294477
Ge,LM5,LMM,Auger,KE,1053.0,AUGQNT,Any,0.0299999993294477
Ge,LM5,LMM,Auger,KE,1112.5,10kvcrr4,Any,0.003000000026077
Ge,LM6,LMM,Auger,KE,1043.0,ALSCOF,Al Kα,0.0399999991059303
Ge,LM6,LMM,Auger,KE,1043.0,AUGQNT,Any,0.0399999991059303
Ge,LM6,LMM,Auger,KE,1094.5,10kvcrr4,Any,0.0
Ge,LM7,LMM,Auger,KE,963.0,ALSCOF,Al Kα,0.0099999997764825
Ge,LM7,LMM,Auger,KE,963.0,AUGQNT,Any,0.0099999997764825
Ge,LM7,LMM,Auger,KE,1075.1064,10kvcrr4,Any,0.028999999165535
Ge,LM8,LMM,Auger,KE,1055.1049,10kvcrr4,Any,0.0
Ge,LM9,LMM,Auger,KE,1043.5,10kvcrr4,Any,0.0
Ge,MN1,MNN,Auger,KE,88.0,10kvcrr4,Any,0.0260000005364418
Ge,MN2,MNN,Auger,KE,53.5,10kvcrr4,Any,0.0070000002160668
Ge,MN3,MNN,Auger,KE,49.5,10kvcrr4,Any,0.0500000007450581
Ge,2p1/2,,XPS,BE,1250.1248,ALSCOF,Al Kα,0.55338791337984
Ge,2p3/2,,XPS,BE,1217.1215,ALWAGNER,Al Kα,0.3495124736
Ge,2p3/2,,XPS,BE,1219.1217,ALSCOF,Al Kα,0.0
Ge,3d,,XPS,BE,31.5,ALSCOF,Al Kα,1.41999995708466
Ge,3d,,XPS,BE,31.5,ALWAGNER,Al Kα,0.379999995231628
Ge,3d,,XPS,BE,31.5,MGSCOF,Mg Kα,1.55099999904633
Ge,3d,,XPS,BE,31.5,MGWAGNER,Mg Kα,0.379999995231628
Ge,3d3/2,,XPS,BE,32.0,ALSCOF,Al Kα,0.578000009059906
Ge,3d3/2,,XPS,BE,32.0,MGSCOF,Mg Kα,0.630999982357025
Ge,3d5/2,,XPS,BE,31.0,ALSCOF,Al Kα,0.842000007629395
Ge,3d5/2,,XPS,BE,31.0,MGSCOF,Mg Kα,0.920000016689301
Ge,3p,,XPS,BE,126.0,ALSCOF,Al Kα,3.63000011444092
Ge,3p,,XPS,BE,126.0,ALWAGNER,Al Kα,1.00100004673004
Ge,3p,,XPS,BE,126.0,MGSCOF,Mg Kα,3.25999999046326
Ge,3p,,XPS,BE,126.0,MGWAGNER,Mg Kα,0.819000005722046
Ge,3p1/2,,XPS,BE,128.0,ALSCOF,Al Kα,1.24000000953674
Ge,3p1/2,,XPS,BE,128.0,MGSCOF,Mg Kα,1.11000001430511
Ge,3p3/2,,XPS,BE,124.0,ALSCOF,Al Kα,2.39000010490417
Ge,3p3/2,,XPS,BE,124.0,MGSCOF,Mg Kα,2.15000009536743
Ge,3s,,XPS,BE,184.0,ALSCOF,Al Kα,1.23000001907349
Ge,3s,,XPS,BE,184.0,MGSCOF,Mg Kα,1.01999998092651
Hf,4d,,XPS,BE,218.5,ALSCOF,Al Kα,14.9700002670288
Hf,4d,,XPS,BE,218.5,ALWAGNER,Al Kα,2.58500003814697
Hf,4d,,XPS,BE,218.5,MGWAGNER,Mg Kα,2.11500000953674
Hf,4d3/2,,XPS,BE,224.0,ALSCOF,Al Kα,6.13000011444092
Hf,4d3/2,,XPS,BE,224.0,ALWAGNER,Al Kα,1.02300000190735
Hf,4d3/2,,XPS,BE,224.0,MGSCOF,Mg Kα,9999990463257.0
Hf,4d3/2,,XPS,BE,224.0,MGWAGNER,Mg Kα,0.837000012397766
Hf,4d5/2,,XPS,BE,213.0,ALSCOF,Al Kα,8.84000015258789
Hf,4d5/2,,XPS,BE,213.0,ALWAGNER,Al Kα,1.56200003623962
Hf,4d5/2,,XPS,BE,213.0,MGSCOF,Mg Kα,7.42000007629395
Hf,4d5/2,,XPS,BE,213.0,MGWAGNER,Mg Kα,1.27799999713898
Hf,4f,,XPS,BE,18.0,ALSCOF,Al Kα,7.51999998092651
Hf,4f,,XPS,BE,18.0,ALWAGNER,Al Kα,2.04999995231628
Hf,4f,,XPS,BE,18.0,MGSCOF,Mg Kα,7.94999980926514
Hf,4f,,XPS,BE,18.0,MGWAGNER,Mg Kα,2.04999995231628
Hf,4f5/2,,XPS,BE,19.0,ALSCOF,Al Kα,3.3199999332428
Hf,4f5/2,,XPS,BE,19.0,MGSCOF,Mg Kα,3.0
Hf,4f7/2,,XPS,BE,17.0,ALSCOF,Al Kα,4.19999980926514
Hf,4f7/2,,XPS,BE,17.0,MGSCOF,Mg Kα,4.44999980926514
Hf,4p1/2,,XPS,BE,437.0,ALSCOF,Al Kα,2.05999994277954
Hf,4p1/2,,XPS,BE,437.0,MGSCOF,Mg Kα,1.52999997138977
Hf,4p3/2,,XPS,BE,382.0,ALSCOF,Al Kα,4.88000011444092
Hf,4p3/2,,XPS,BE,382.0,MGSCOF,Mg Kα,3.82999992370605
Hf,4s,,XPS,BE,537.0,ALSCOF,Al Kα,1.75999999046326
Hf,4s,,XPS,BE,537.0,MGSCOF,Mg Kα,1.36000001430511
Hf,5p,,XPS,BE,33.5,ALSCOF,Al Kα,1.02400004863739
Hf,5p,,XPS,BE,33.5,MGSCOF,Mg Kα,0.814999997615814
Hf,5p1/2,,XPS,BE,37.0,ALSCOF,Al Kα,0.324999988079071
Hf,5p1/2,,XPS,BE,37.0,MGSCOF,Mg Kα,0.252999991178513
Hf,5p3/2,,XPS,BE,30.0,ALSCOF,Al Kα,0.699000000953674
Hf,5p3/2,,XPS,BE,30.0,MGSCOF,Mg Kα,0.561999976634979
Hf,5s,,XPS,BE,64.0,ALSCOF,Al Kα,0.34400001168251
Hf,5s,,XPS,BE,64.0,MGSCOF,Mg Kα,0.275999993085861
Hg,MN1,MNN,Auger,KE,2160.0,AUGQNT,Any,0.0099999997764825
Hg,MN2,MNN,Auger,KE,2078.0,AUGQNT,Any,0.0099999997764825
Hg,NO1,NOO,Auger,KE,76.0,AUGQNT,Any,0.200000002980232
Hg,4d3/2,,XPS,BE,379.0,ALSCOF,Al Kα,8.32999992370605
Hg,4d3/2,,XPS,BE,379.0,MGSCOF,Mg Kα,6.59999990463257
Hg,4d5/2,,XPS,BE,359.0,ALSCOF,Al Kα,12.1700000762939
Hg,4d5/2,,XPS,BE,359.0,ALWAGNER,Al Kα,2.36500000953674
Hg,4d5/2,,XPS,BE,359.0,MGSCOF,Mg Kα,9.78999996185303
Hg,4d5/2,,XPS,BE,359.0,MGWAGNER,Mg Kα,1.93499994277954
Hg,4f,,XPS,BE,102.0,ALSCOF,Al Kα,18.8899993896484
Hg,4f,,XPS,BE,102.0,ALWAGNER,Al Kα,5.0
Hg,4f,,XPS,BE,102.0,MGSCOF,Mg Kα,19.1800003051758
Hg,4f,,XPS,BE,102.0,MGWAGNER,Mg Kα,5.0
Hg,4f5/2,,XPS,BE,104.0,ALSCOF,Al Kα,8.31999969482422
Hg,4f5/2,,XPS,BE,104.0,ALWAGNER,Al Kα,2.34999990463257
Hg,4f5/2,,XPS,BE,104.0,MGSCOF,Mg Kα,8.43000030517578
Hg,4f5/2,,XPS,BE,104.0,MGWAGNER,Mg Kα,2.34999990463257
Hg,4f7/2,,XPS,BE,100.0,ALSCOF,Al Kα,10.5699996948242
Hg,4f7/2,,XPS,BE,100.0,ALWAGNER,Al Kα,3.15000009536743
Hg,4f7/2,,XPS,BE,100.0,MGSCOF,Mg Kα,10.0
Hg,4f7/2,,XPS,BE,100.0,MGWAGNER,Mg Kα,3.15000009536743
Hg,4p1/2,,XPS,BE,681.0,ALSCOF,Al Kα,2.14000010490417
Hg,4p1/2,,XPS,BE,681.0,MGSCOF,Mg Kα,1.51999998092651
Hg,4p3/2,,XPS,BE,577.0,ALSCOF,Al Kα,6.03999996185303
Hg,4p3/2,,XPS,BE,577.0,MGSCOF,Mg Kα,4.65000009536743
Hg,4s,,XPS,BE,803.0,ALSCOF,Al Kα,1.94000005722046
Hg,4s,,XPS,BE,803.0,MGSCOF,Mg Kα,1.45000004768372
Hg,5p1/2,,XPS,BE,84.0,ALSCOF,Al Kα,0.483999997377396
Hg,5p1/2,,XPS,BE,84.0,MGSCOF,Mg Kα,0.368000000715256
Hg,5p3/2,,XPS,BE,65.0,ALSCOF,Al Kα,1.16999995708466
Hg,5p3/2,,XPS,BE,65.0,MGSCOF,Mg Kα,0.935000002384186
Hg,5s,,XPS,BE,127.0,ALSCOF,Al Kα,0.0
Hg,5s,,XPS,BE,127.0,MGSCOF,Mg Kα,0.397000014781952
Ho,4d,,XPS,BE,161.0,ALSCOF,Al Kα,12.0
Ho,4d,,XPS,BE,161.0,ALWAGNER,Al Kα,2.0
Ho,4d,,XPS,BE,161.0,MGSCOF,Mg Kα,10.3500003814697
Ho,4d,,XPS,BE,161.0,MGWAGNER,Mg Kα,2.0
Ho,4p1/2,,XPS,BE,345.0,ALSCOF,Al Kα,1.9099999666214
Ho,4p1/2,,XPS,BE,345.0,MGSCOF,Mg Kα,1.47000002861023
Ho,4p3/2,,XPS,BE,306.0,ALSCOF,Al Kα,4.23999977111816
Ho,4p3/2,,XPS,BE,306.0,ALWAGNER,Al Kα,0.600000023841858
Ho,4p3/2,,XPS,BE,306.0,MGSCOF,Mg Kα,3.39000010490417
Ho,4p3/2,,XPS,BE,306.0,MGWAGNER,Mg Kα,0.600000023841858
Ho,4s,,XPS,BE,431.0,ALSCOF,Al Kα,1.61000001430511
Ho,4s,,XPS,BE,431.0,MGSCOF,Mg Kα,1.26999998092651
Ho,5p,,XPS,BE,20.0,ALSCOF,Al Kα,0.836000025272369
Ho,5p,,XPS,BE,20.0,MGSCOF,Mg Kα,0.672999978065491
Ho,5s,,XPS,BE,51.0,ALSCOF,Al Kα,0.293000012636185
Ho,5s,,XPS,BE,51.0,MGSCOF,Mg Kα,0.237000003457069
I,MN1,MNN,Auger,KE,519.0,ALSCOF,Al Kα,0.219999998807907
I,MN1,MNN,Auger,KE,519.0,AUGQNT,Any,0.219999998807907
I,MN2,MNN,Auger,KE,511.0,ALSCOF,Al Kα,0.28999999165535
I,MN2,MNN,Auger,KE,511.0,AUGQNT,Any,0.28999999165535
I,NO1,NOO,Auger,KE,76.0,AUGQNT,Any,0.200000002980232
I,3d3/2,,XPS,BE,630.0,ALSCOF,Al Kα,13.7700004577637
I,3d3/2,,XPS,BE,630.0,MGSCOF,Mg Kα,13.3299999237061
I,3d5/2,,XPS,BE,619.0,ALSCOF,Al Kα,19.8700008392334
I,3d5/2,,XPS,BE,619.0,ALWAGNER,Al Kα,6.0
I,3d5/2,,XPS,BE,619.0,MGSCOF,Mg Kα,19.3299999237061
I,3d5/2,,XPS,BE,619.0,MGWAGNER,Mg Kα,6.0
I,3p1/2,,XPS,BE,930.0,ALSCOF,Al Kα,5999994277954.0
I,3p1/2,,XPS,BE,930.0,MGSCOF,Mg Kα,3.86999988555908
I,3p3/2,,XPS,BE,874.0,ALSCOF,Al Kα,10.6199998855591
I,3p3/2,,XPS,BE,874.0,MGSCOF,Mg Kα,8.36999988555908
I,3s,,XPS,BE,1071.1069,ALSCOF,Al Kα,0.3495124736
I,3s,,XPS,BE,1071.1069,MGSCOF,Mg Kα,75.0
I,4d,,XPS,BE,51.0,ALSCOF,Al Kα,4.13000011444092
I,4d,,XPS,BE,51.0,ALWAGNER,Al Kα,1.58399999141693
I,4d,,XPS,BE,51.0,MGSCOF,Mg Kα,3.86999988555908
I,4d,,XPS,BE,51.0,MGWAGNER,Mg Kα,1.2960000038147
I,4d3/2,,XPS,BE,52.0,ALSCOF,Al Kα,1.69000005722046
I,4d3/2,,XPS,BE,52.0,MGSCOF,Mg Kα,1.58000004291534
I,4d5/2,,XPS,BE,50.0,ALSCOF,Al Kα,2.44000005722046
I,4d5/2,,XPS,BE,50.0,MGSCOF,Mg Kα,2.28999996185303
I,4p,,XPS,BE,123.0,ALSCOF,Al Kα,3.33999991416931
I,4p,,XPS,BE,123.0,MGSCOF,Mg Kα,2.77300000190735
I,4s,,XPS,BE,186.0,ALSCOF,Al Kα,0.958999991416931
I,4s,,XPS,BE,186.0,MGSCOF,Mg Kα,0.785000026226044
I,5s,,XPS,BE,16.0,ALSCOF,Al Kα,0.142000004649162
I,5s,,XPS,BE,16.0,MGSCOF,Mg Kα,0.118000000715256
In,MN1,MNN,Auger,KE,405.0,ALSCOF,Al Kα,0.879999995231628
In,MN1,MNN,Auger,KE,405.0,AUGQNT,Any,0.879999995231628
In,MN1,MNN,Auger,KE,411.0,10kvcrr4,Any,0.0740000009536743
In,MN2,MNN,Auger,KE,335.0,ALSCOF,Al Kα,0.209999993443489
In,MN2,MNN,Auger,KE,335.0,AUGQNT,Any,0.209999993443489
In,MN2,MNN,Auger,KE,404.0,10kvcrr4,Any,0.945999979972839
In,MN3,MNN,Auger,KE,288.0,ALSCOF,Al Kα,0.0799999982118607
In,MN3,MNN,Auger,KE,288.0,AUGQNT,Any,0.0799999982118607
In,MN3,MNN,Auger,KE,393.0,10kvcrr4,Any,0.025000000372529
In,MN4,MNN,Auger,KE,222.0,ALSCOF,Al Kα,0.0199999995529652
In,MN4,MNN,Auger,KE,222.0,AUGQNT,Any,0.0199999995529652
In,MN4,MNN,Auger,KE,334.0,10kvcrr4,Any,0.379000008106232
In,MN5,MNN,Auger,KE,195.0,AUGQNT,Any,0.0199999995529652
In,MN5,MNN,Auger,KE,298.5,10kvcrr4,Any,0.0410000011324883
In,NO1,NOO,Auger,KE,56.5,10kvcrr4,Any,0.0590000003576279
In,3d,,XPS,BE,449.0,ALSCOF,Al Kα,22.5400009155273
In,3d,,XPS,BE,449.0,MGSCOF,Mg Kα,22.3600006103516
In,3d3/2,,XPS,BE,453.0,ALSCOF,Al Kα,9.22000026702881
In,3d3/2,,XPS,BE,453.0,MGSCOF,Mg Kα,9.13000011444092
In,3d5/2,,XPS,BE,445.0,ALSCOF,Al Kα,13.3199996948242
In,3d5/2,,XPS,BE,445.0,ALWAGNER,Al Kα,3.90000009536743
In,3d5/2,,XPS,BE,445.0,MGSCOF,Mg Kα,13.2299995422363
In,3d5/2,,XPS,BE,445.0,MGWAGNER,Mg Kα,3.90000009536743
In,3p1/2,,XPS,BE,704.0,ALSCOF,Al Kα,4.40000009536743
In,3p1/2,,XPS,BE,704.0,MGSCOF,Mg Kα,3.50999999046326
In,3p3/2,,XPS,BE,666.0,ALSCOF,Al Kα,8.93000030517578
In,3p3/2,,XPS,BE,666.0,ALWAGNER,Al Kα,1.84800004959106
In,3p3/2,,XPS,BE,666.0,MGSCOF,Mg Kα,7.26999998092651
In,3p3/2,,XPS,BE,666.0,MGWAGNER,Mg Kα,1.51199996471405
In,3s,,XPS,BE,828.0,ALSCOF,Al Kα,3.16000008583069
In,3s,,XPS,BE,828.0,MGSCOF,Mg Kα,2.48000001907349
In,4d,,XPS,BE,19.0,ALSCOF,Al Kα,2.27500009536743
In,4d,,XPS,BE,19.0,MGSCOF,Mg Kα,2.18300008773804
In,4p,,XPS,BE,79.0,ALSCOF,Al Kα,2.44799995422363
In,4p,,XPS,BE,79.0,MGSCOF,Mg Kα,2.05900001525879
In,4s,,XPS,BE,123.0,ALSCOF,Al Kα,0.741999983787537
In,4s,,XPS,BE,123.0,MGSCOF,Mg Kα,0.611000001430511
Ir,MN1,MNN,Auger,KE,1422.1403,10kvcrr4,Any,0.0
Ir,MN1,MNN,Auger,KE,1978.0,AUGQNT,Any,0.0199999995529652
Ir,MN2,MNN,Auger,KE,1899.0,AUGQNT,Any,0.0299999993294477
Ir,MN2,MNN,Auger,KE,1945.5,10kvcrr4,Any,0.0
Ir,MN3,MNN,Auger,KE,1905.1857,10kvcrr4,Any,0.0
Ir,MN4,MNN,Auger,KE,1876.1862,10kvcrr4,Any,0.0
Ir,MN5,MNN,Auger,KE,1727.1699,10kvcrr4,Any,0.0
Ir,MN6,MNN,Auger,KE,1667.5,10kvcrr4,Any,0.330000013113022
Ir,MN7,MNN,Auger,KE,1647.1632,10kvcrr4,Any,0.0
Ir,MN8,MNN,Auger,KE,1494.5,10kvcrr4,Any,0.0
Ir,MN9,MNN,Auger,KE,1436.5,10kvcrr4,Any,0.0
Ir,NO1,NOO,Auger,KE,51.0,AUGQNT,Any,0.239999994635582
Ir,NO1,NOO,Auger,KE,245.0,10kvcrr4,Any,0.0130000002682209
Ir,NO2,NOO,Auger,KE,231.0,10kvcrr4,Any,0.123999997973442
Ir,NO3,NOO,Auger,KE,219.0,10kvcrr4,Any,0.0
Ir,NO4,NOO,Auger,KE,174.0,10kvcrr4,Any,0.0179999992251396
Ir,NO5,NOO,Auger,KE,161.0,10kvcrr4,Any,0.243000000715256
Ir,4d3/2,,XPS,BE,313.0,ALSCOF,Al Kα,7.51000022888184
Ir,4d3/2,,XPS,BE,313.0,MGSCOF,Mg Kα,6.05000019073486
Ir,4d5/2,,XPS,BE,297.0,ALSCOF,Al Kα,10.8999996185303
Ir,4d5/2,,XPS,BE,297.0,ALWAGNER,Al Kα,2.0239999294281
Ir,4d5/2,,XPS,BE,297.0,MGSCOF,Mg Kα,8.89999961853027
Ir,4d5/2,,XPS,BE,297.0,MGWAGNER,Mg Kα,1.65600001811981
Ir,4f,,XPS,BE,63.5,ALSCOF,Al Kα,13.8999996185303
Ir,4f,,XPS,BE,63.5,ALWAGNER,Al Kα,3.95000004768372
Ir,4f,,XPS,BE,63.5,MGSCOF,Mg Kα,14.3299999237061
Ir,4f,,XPS,BE,63.5,MGWAGNER,Mg Kα,3.95000004768372
Ir,4f5/2,,XPS,BE,65.0,ALSCOF,Al Kα,6.11999988555908
Ir,4f5/2,,XPS,BE,65.0,ALWAGNER,Al Kα,1.70000004768372
Ir,4f5/2,,XPS,BE,65.0,MGSCOF,Mg Kα,6.30000019073486
Ir,4f5/2,,XPS,BE,65.0,MGWAGNER,Mg Kα,1.70000004768372
Ir,4f7/2,,XPS,BE,62.0,ALSCOF,Al Kα,7.78000020980835
Ir,4f7/2,,XPS,BE,62.0,ALWAGNER,Al Kα,2.0
Ir,4f7/2,,XPS,BE,62.0,MGSCOF,Mg Kα,8.02999973297119
Ir,4f7/2,,XPS,BE,62.0,MGWAGNER,Mg Kα,2.0
Ir,4p1/2,,XPS,BE,579.0,ALSCOF,Al Kα,2.14000010490417
Ir,4p1/2,,XPS,BE,579.0,MGSCOF,Mg Kα,1.54999995231628
Ir,4p3/2,,XPS,BE,497.0,ALSCOF,Al Kα,59000015258789.0
Ir,4p3/2,,XPS,BE,497.0,MGSCOF,Mg Kα,4.34000015258789
Ir,4s,,XPS,BE,692.0,ALSCOF,Al Kα,1.87999999523163
Ir,4s,,XPS,BE,692.0,MGSCOF,Mg Kα,1.42999994754791
Ir,5p1/2,,XPS,BE,65.0,ALSCOF,Al Kα,0.421999990940094
Ir,5p1/2,,XPS,BE,65.0,MGSCOF,Mg Kα,0.324000000953674
Ir,5p3/2,,XPS,BE,53.0,ALSCOF,Al Kα,0.967000007629395
Ir,5p3/2,,XPS,BE,53.0,MGSCOF,Mg Kα,0.773999989032745
Ir,5s,,XPS,BE,98.0,ALSCOF,Al Kα,0.437999993562698
Ir,5s,,XPS,BE,98.0,MGSCOF,Mg Kα,0.349999994039536
K,LM1,LMM,Auger,KE,264.0,ALSCOF,Al Kα,0.0399999991059303
K,LM1,LMM,Auger,KE,264.0,AUGQNT,Any,0.0399999991059303
K,LM2,LMM,Auger,KE,243.0,ALSCOF,Al Kα,0.819999992847443
K,LM2,LMM,Auger,KE,243.0,AUGQNT,Any,0.819999992847443
K,LM3,LMM,Auger,KE,226.0,ALSCOF,Al Kα,0.230000004172325
K,LM3,LMM,Auger,KE,226.0,AUGQNT,Any,0.230000004172325
K,LM4,LMM,Auger,KE,212.0,ALSCOF,Al Kα,0.189999997615814
K,LM4,LMM,Auger,KE,212.0,AUGQNT,Any,0.189999997615814
K,2p,,XPS,BE,294.5,ALSCOF,Al Kα,3.97000002861023
K,2p,,XPS,BE,294.5,ALWAGNER,Al Kα,1.24000000953674
K,2p,,XPS,BE,294.5,MGSCOF,Mg Kα,4.03999996185303
K,2p,,XPS,BE,294.5,MGWAGNER,Mg Kα,1.24000000953674
K,2p1/2,,XPS,BE,296.0,ALSCOF,Al Kα,1.35000002384186
K,2p1/2,,XPS,BE,296.0,ALWAGNER,Al Kα,0.409999996423721
K,2p1/2,,XPS,BE,296.0,MGSCOF,Mg Kα,1.37000000476837
K,2p1/2,,XPS,BE,296.0,MGWAGNER,Mg Kα,0.409999996423721
K,2p3/2,,XPS,BE,293.0,ALSCOF,Al Kα,2.61999988555908
K,2p3/2,,XPS,BE,293.0,ALWAGNER,Al Kα,0.829999983310699
K,2p3/2,,XPS,BE,293.0,MGSCOF,Mg Kα,2.67000007629395
K,2p3/2,,XPS,BE,293.0,MGWAGNER,Mg Kα,0.829999983310699
K,2s,,XPS,BE,378.0,ALSCOF,Al Kα,2.26999998092651
K,2s,,XPS,BE,378.0,ALWAGNER,Al Kα,0.47299998998642
K,2s,,XPS,BE,378.0,MGSCOF,Mg Kα,1.95000004768372
K,2s,,XPS,BE,378.0,MGWAGNER,Mg Kα,0.386999994516373
K,3p,,XPS,BE,17.0,ALSCOF,Al Kα,0.0370000004768372
K,3p,,XPS,BE,17.0,MGSCOF,Mg Kα,0.360000014305115
K,3s,,XPS,BE,33.0,ALSCOF,Al Kα,0.28600001335144
K,3s,,XPS,BE,33.0,MGSCOF,Mg Kα,0.248999997973442
Kr,LM1,LMM,Auger,KE,1460.0,AUGQNT,Any,1.0
Kr,NO1,NOO,Auger,KE,54.0,AUGQNT,Any,0.239999994635582
Kr,3d,,XPS,BE,88.5,ALSCOF,Al Kα,3.48000001907349
Kr,3d,,XPS,BE,88.5,ALWAGNER,Al Kα,1.01999998092651
Kr,3d,,XPS,BE,88.5,MGSCOF,Mg Kα,3.69000005722046
Kr,3d,,XPS,BE,88.5,MGWAGNER,Mg Kα,1.01999998092651
Kr,3d3/2,,XPS,BE,89.0,ALSCOF,Al Kα,1.41999995708466
Kr,3d3/2,,XPS,BE,89.0,MGSCOF,Mg Kα,1.0
Kr,3d5/2,,XPS,BE,88.0,ALSCOF,Al Kα,2.05999994277954
Kr,3d5/2,,XPS,BE,88.0,MGSCOF,Mg Kα,2.19000005722046
Kr,3p,,XPS,BE,212.0,ALSCOF,Al Kα,53999996185303.0
Kr,3p,,XPS,BE,212.0,ALWAGNER,Al Kα,1.35300004482269
Kr,3p,,XPS,BE,212.0,MGSCOF,Mg Kα,4.84000015258789
Kr,3p,,XPS,BE,212.0,MGWAGNER,Mg Kα,1.10699999332428
Kr,3p1/2,,XPS,BE,216.0,ALSCOF,Al Kα,1.88999998569489
Kr,3p1/2,,XPS,BE,216.0,ALWAGNER,Al Kα,0.45100000500679
Kr,3p1/2,,XPS,BE,216.0,MGSCOF,Mg Kα,1.63999998569489
Kr,3p1/2,,XPS,BE,216.0,MGWAGNER,Mg Kα,0.368999987840652
Kr,3p3/2,,XPS,BE,208.0,ALSCOF,Al Kα,3.65000009536743
Kr,3p3/2,,XPS,BE,208.0,ALWAGNER,Al Kα,0.90200001001358
Kr,3p3/2,,XPS,BE,208.0,MGSCOF,Mg Kα,3.20000004768372
Kr,3p3/2,,XPS,BE,208.0,MGWAGNER,Mg Kα,0.737999975681305
Kr,3s,,XPS,BE,287.0,ALSCOF,Al Kα,1.63999998569489
Kr,3s,,XPS,BE,287.0,MGSCOF,Mg Kα,1.35000002384186
Kr,4s,,XPS,BE,22.0,ALSCOF,Al Kα,0.212999999523163
Kr,4s,,XPS,BE,22.0,MGSCOF,Mg Kα,0.178000003099442
La,MN1,MNN,Auger,KE,729.0,ALSCOF,Al Kα,0.0299999993294477
La,MN1,MNN,Auger,KE,729.0,AUGQNT,Any,0.0299999993294477
La,MN2,MNN,Auger,KE,629.0,ALSCOF,Al Kα,0.0700000002980232
La,MN2,MNN,Auger,KE,629.0,AUGQNT,Any,0.0700000002980232
La,MN3,MNN,Auger,KE,616.0,ALSCOF,Al Kα,0.140000000596046
La,MN3,MNN,Auger,KE,616.0,AUGQNT,Any,0.140000000596046
La,MN4,MNN,Auger,KE,537.0,ALSCOF,Al Kα,0.0099999997764825
La,MN4,MNN,Auger,KE,537.0,AUGQNT,Any,0.0099999997764825
La,MN5,MNN,Auger,KE,524.0,ALSCOF,Al Kα,0.0099999997764825
La,MN5,MNN,Auger,KE,524.0,AUGQNT,Any,0.0099999997764825
La,NO1,NOO,Auger,KE,78.0,AUGQNT,Any,0.340000003576279
La,3d,,XPS,BE,842.5,ALSCOF,Al Kα,47.6199989318848
La,3d,,XPS,BE,842.5,ALWAGNER,Al Kα,10.0
La,3d,,XPS,BE,842.5,MGWAGNER,Mg Kα,10.0
La,3d3/2,,XPS,BE,851.0,ALSCOF,Al Kα,19.0
La,3d3/2,,XPS,BE,851.0,MGSCOF,Mg Kα,18.0
La,3d5/2,,XPS,BE,834.0,ALSCOF,Al Kα,28.1200008392334
La,3d5/2,,XPS,BE,834.0,MGSCOF,Mg Kα,26.4899997711182
La,3p1/2,,XPS,BE,1207.1205,ALSCOF,Al Kα,0.0
La,3p3/2,,XPS,BE,1126.1124,ALSCOF,Al Kα,0.0
La,3p3/2,,XPS,BE,1126.1124,MGSCOF,Mg Kα,0.3495124736
La,4d,,XPS,BE,102.5,ALSCOF,Al Kα,6.51999998092651
La,4d,,XPS,BE,102.5,ALWAGNER,Al Kα,2.20000004768372
La,4d,,XPS,BE,102.5,MGSCOF,Mg Kα,5.96999979019165
La,4d,,XPS,BE,102.5,MGWAGNER,Mg Kα,1.79999995231628
La,4d3/2,,XPS,BE,104.0,ALSCOF,Al Kα,2.67000007629395
La,4d3/2,,XPS,BE,104.0,MGSCOF,Mg Kα,2.44000005722046
La,4d5/2,,XPS,BE,101.0,ALSCOF,Al Kα,3.84999990463257
La,4d5/2,,XPS,BE,101.0,MGSCOF,Mg Kα,3.52999997138977
La,4p1/2,,XPS,BE,210.0,ALSCOF,Al Kα,1.41999995708466
La,4p1/2,,XPS,BE,210.0,MGSCOF,Mg Kα,1.14999997615814
La,4p3/2,,XPS,BE,195.0,ALSCOF,Al Kα,2.91000008583069
La,4p3/2,,XPS,BE,195.0,MGSCOF,Mg Kα,2.40000009536743
La,4s,,XPS,BE,274.0,ALSCOF,Al Kα,1.19000005722046
La,4s,,XPS,BE,274.0,MGSCOF,Mg Kα,0.971000015735626
La,5p,,XPS,BE,17.0,ALSCOF,Al Kα,0.737999975681305
La,5p,,XPS,BE,17.0,MGSCOF,Mg Kα,0.550999999046326
La,5s,,XPS,BE,34.0,ALSCOF,Al Kα,0.233999997377396
La,5s,,XPS,BE,34.0,MGSCOF,Mg Kα,0.193000003695488
Li,KL1,KLL,Auger,KE,39.0,AUGQNT,Any,0.100000001490116
Li,1s,,XPS,BE,56.0,ALSCOF,Al Kα,0.0570000000298023
Li,1s,,XPS,BE,56.0,ALWAGNER,Al Kα,0.0199999995529652
Li,1s,,XPS,BE,56.0,MGSCOF,Mg Kα,0.0590000003576279
Li,1s,,XPS,BE,56.0,MGWAGNER,Mg Kα,0.0199999995529652
Lu,4d,,XPS,BE,202.0,ALSCOF,Al Kα,14.3199996948242
Lu,4d,,XPS,BE,202.0,ALWAGNER,Al Kα,2.0
Lu,4d,,XPS,BE,202.0,MGWAGNER,Mg Kα,2.0
Lu,4d3/2,,XPS,BE,207.0,ALSCOF,Al Kα,86999988555908.0
Lu,4d3/2,,XPS,BE,207.0,MGSCOF,Mg Kα,4.90999984741211
Lu,4d5/2,,XPS,BE,197.0,ALSCOF,Al Kα,8.44999980926514
Lu,4d5/2,,XPS,BE,197.0,MGSCOF,Mg Kα,7.13000011444092
Lu,4p1/2,,XPS,BE,412.0,ALSCOF,Al Kα,2.02999997138977
Lu,4p1/2,,XPS,BE,412.0,MGSCOF,Mg Kα,1.51999998092651
Lu,4p3/2,,XPS,BE,359.0,ALSCOF,Al Kα,4.73999977111816
Lu,4p3/2,,XPS,BE,359.0,ALWAGNER,Al Kα,0.600000023841858
Lu,4p3/2,,XPS,BE,359.0,MGSCOF,Mg Kα,3.73000001907349
Lu,4p3/2,,XPS,BE,359.0,MGWAGNER,Mg Kα,0.600000023841858
Lu,4s,,XPS,BE,507.0,ALSCOF,Al Kα,1.73000001907349
Lu,4s,,XPS,BE,507.0,MGSCOF,Mg Kα,1.3400000333786
Lu,5p,,XPS,BE,30.5,ALSCOF,Al Kα,0.949000000953674
Lu,5p,,XPS,BE,30.5,MGSCOF,Mg Kα,0.755999982357025
Lu,5p1/2,,XPS,BE,34.0,ALSCOF,Al Kα,0.303999990224838
Lu,5p1/2,,XPS,BE,34.0,MGSCOF,Mg Kα,0.237000003457069
Lu,5p3/2,,XPS,BE,27.0,ALSCOF,Al Kα,0.644999980926514
Lu,5p3/2,,XPS,BE,27.0,MGSCOF,Mg Kα,0.518999993801117
Lu,5s,,XPS,BE,58.0,ALSCOF,Al Kα,0.32600000500679
Lu,5s,,XPS,BE,58.0,MGSCOF,Mg Kα,0.261000007390976
Mg,KL1,KLL,Auger,KE,1186.5,10kvcrr4,Any,0.120999999344349
Mg,KL2,KLL,Auger,KE,1175.5,10kvcrr4,Any,0.0
Mg,KL2,KLL,Auger,KE,1182.0,ALSCOF,Al Kα,0.270000010728836
Mg,KL2,KLL,Auger,KE,1182.0,AUGQNT,Any,0.270000010728836
Mg,KL3,KLL,Auger,KE,1139.0,ALSCOF,Al Kα,0.150000005960464
Mg,KL3,KLL,Auger,KE,1139.0,AUGQNT,Any,0.150000005960464
Mg,KL3,KLL,Auger,KE,1165.1159,10kvcrr4,Any,0.0
Mg,KL4,KLL,Auger,KE,1128.0,ALSCOF,Al Kα,0.100000001490116
Mg,KL4,KLL,Auger,KE,1128.0,AUGQNT,Any,0.100000001490116
Mg,KL4,KLL,Auger,KE,1154.5,10kvcrr4,Any,0.0209999997168779
Mg,KL5,KLL,Auger,KE,1105.0,ALSCOF,Al Kα,0.0299999993294477
Mg,KL5,KLL,Auger,KE,1105.0,AUGQNT,Any,0.0299999993294477
Mg,KL5,KLL,Auger,KE,1142.5,10kvcrr4,Any,0.0439999997615814
Mg,KL6,KLL,Auger,KE,1130.5,10kvcrr4,Any,0.0179999992251396
Mg,KL7,KLL,Auger,KE,1118.5,10kvcrr4,Any,0.0070000002160668
Mg,KL8,KLL,Auger,KE,1108.1102,10kvcrr4,Any,0.0
Mg,KLL,KLL,Auger,KE,1185.5,10kvcrr4,Any,0.0
Mg,LM1,LMM,Auger,KE,43.0,AUGQNT,Any,0.409999996423721
Mg,LM1,LMM,Auger,KE,60.5,10kvcrr4,Any,0.0089999996125698
Mg,LM2,LMM,Auger,KE,47.0,10kvcrr4,Any,0.209000006318092
Mg,LM3,LMM,Auger,KE,36.5,10kvcrr4,Any,0.0469999983906746
Mg,1s,,XPS,BE,1305.1303,ALSCOF,Al Kα,0.0
Mg,1s,,XPS,BE,1305.1303,ALWAGNER,Al Kα,0.0
Mg,2p,,XPS,BE,51.0,ALSCOF,Al Kα,0.333999991416931
Mg,2p,,XPS,BE,51.0,ALWAGNER,Al Kα,0.119999997317791
Mg,2p,,XPS,BE,51.0,MGWAGNER,Mg Kα,0.119999997317791
Mg,2s,,XPS,BE,90.0,ALSCOF,Al Kα,0.574999988079071
Mg,2s,,XPS,BE,90.0,ALWAGNER,Al Kα,0.219999998807907
Mg,2s,,XPS,BE,90.0,MGSCOF,Mg Kα,0.524999976158142
Mg,2s,,XPS,BE,90.0,MGWAGNER,Mg Kα,0.180000007152557
Mn,LM1,LMM,Auger,KE,637.0,ALSCOF,Al Kα,0.159999996423721
Mn,LM1,LMM,Auger,KE,637.0,AUGQNT,Any,0.159999996423721
Mn,LM1,LMM,Auger,KE,647.5,10kvcrr4,Any,0.006000000052154
Mn,LM2,LMM,Auger,KE,587.0,ALSCOF,Al Kα,0.209999993443489
Mn,LM2,LMM,Auger,KE,587.0,AUGQNT,Any,0.209999993443489
Mn,LM2,LMM,Auger,KE,635.5,10kvcrr4,Any,0.193000003695488
Mn,LM3,LMM,Auger,KE,544.0,ALSCOF,Al Kα,0.170000001788139
Mn,LM3,LMM,Auger,KE,544.0,AUGQNT,Any,0.170000001788139
Mn,LM3,LMM,Auger,KE,587.0,10kvcrr4,Any,0.474999994039536
Mn,LM4,LMM,Auger,KE,553.0,10kvcrr4,Any,0.006000000052154
Mn,LM5,LMM,Auger,KE,543.0,10kvcrr4,Any,0.305000007152557
Mn,LM6,LMM,Auger,KE,536.5,10kvcrr4,Any,0.0149999996647239
Mn,LM7,LMM,Auger,KE,530.5,10kvcrr4,Any,0.0080000003799796
Mn,LM8,LMM,Auger,KE,511.0,10kvcrr4,Any,0.0399999991059303
Mn,LM9,LMM,Auger,KE,497.5,10kvcrr4,Any,0.0299999993294477
Mn,MN1,MNN,Auger,KE,43.0,10kvcrr4,Any,0.340000003576279
Mn,2p,,XPS,BE,646.5,ALSCOF,Al Kα,13.9099998474121
Mn,2p,,XPS,BE,646.5,ALWAGNER,Al Kα,2.59999990463257
Mn,2p,,XPS,BE,646.5,MGWAGNER,Mg Kα,2.59999990463257
Mn,2p1/2,,XPS,BE,652.0,ALSCOF,Al Kα,4.73999977111816
Mn,2p1/2,,XPS,BE,652.0,ALWAGNER,Al Kα,0.899999976158142
Mn,2p1/2,,XPS,BE,652.0,MGSCOF,Mg Kα,4.63000011444092
Mn,2p1/2,,XPS,BE,652.0,MGWAGNER,Mg Kα,0.899999976158142
Mn,2p3/2,,XPS,BE,641.0,ALSCOF,Al Kα,9.17000007629395
Mn,2p3/2,,XPS,BE,641.0,ALWAGNER,Al Kα,1.70000004768372
Mn,2p3/2,,XPS,BE,641.0,MGSCOF,Mg Kα,8.98999977111816
Mn,2p3/2,,XPS,BE,641.0,MGWAGNER,Mg Kα,1.70000004768372
Mn,2s,,XPS,BE,770.0,ALSCOF,Al Kα,4.23000001907349
Mn,2s,,XPS,BE,770.0,MGSCOF,Mg Kα,3.48000001907349
Mn,3p,,XPS,BE,48.5,ALSCOF,Al Kα,1.42299997806549
Mn,3p,,XPS,BE,48.5,ALWAGNER,Al Kα,0.241999998688698
Mn,3p,,XPS,BE,48.5,MGSCOF,Mg Kα,1.35199999809265
Mn,3p,,XPS,BE,48.5,MGWAGNER,Mg Kα,0.197999998927116
Mn,3p1/2,,XPS,BE,49.0,ALSCOF,Al Kα,0.485000014305115
Mn,3p1/2,,XPS,BE,49.0,MGSCOF,Mg Kα,0.46000000834465
Mn,3p3/2,,XPS,BE,48.0,ALSCOF,Al Kα,0.938000023365021
Mn,3p3/2,,XPS,BE,48.0,MGSCOF,Mg Kα,0.892000019550323
Mn,3s,,XPS,BE,83.0,ALSCOF,Al Kα,0.674000024795532
Mn,3s,,XPS,BE,83.0,MGSCOF,Mg Kα,0.574999988079071
Mo,LM1,LMM,Auger,KE,1695.1684,10kvcrr4,Any,0.0
Mo,LM1,LMM,Auger,KE,2039.0,ALSCOF,Al Kα,0.119999997317791
Mo,LM1,LMM,Auger,KE,2039.0,AUGQNT,Any,0.119999997317791
Mo,LM2,LMM,Auger,KE,1960.0,ALSCOF,Al Kα,0.0199999995529652
Mo,LM2,LMM,Auger,KE,1960.0,AUGQNT,Any,0.0199999995529652
Mo,LM2,LMM,Auger,KE,2124.5,10kvcrr4,Any,0.0070000002160668
Mo,LM3,LMM,Auger,KE,1875.0,ALSCOF,Al Kα,0.0299999993294477
Mo,LM3,LMM,Auger,KE,1875.0,AUGQNT,Any,0.0299999993294477
Mo,LM3,LMM,Auger,KE,2091.5,10kvcrr4,Any,0.0130000002682209
Mo,LM4,LMM,Auger,KE,1856.0,ALSCOF,Al Kα,0.0399999991059303
Mo,LM4,LMM,Auger,KE,1856.0,AUGQNT,Any,0.0399999991059303
Mo,LM4,LMM,Auger,KE,2041.2027,10kvcrr4,Any,0.167999997735023
Mo,LM5,LMM,Auger,KE,1692.0,ALSCOF,Al Kα,0.0199999995529652
Mo,LM5,LMM,Auger,KE,1692.0,AUGQNT,Any,0.0199999995529652
Mo,LM5,LMM,Auger,KE,2013.2009,10kvcrr4,Any,0.0
Mo,LM6,LMM,Auger,KE,1960.1946,10kvcrr4,Any,0.0
Mo,LM7,LMM,Auger,KE,1880.1867,10kvcrr4,Any,0.0
Mo,LM8,LMM,Auger,KE,1857.1837,10kvcrr4,Any,0.0
Mo,LM9,LMM,Auger,KE,1715.1704,10kvcrr4,Any,0.0
Mo,MN1,MNN,Auger,KE,223.0,10kvcrr4,Any,0.130999997258186
Mo,MN1,MNN,Auger,KE,223.0,ALSCOF,Al Kα,0.209999993443489
Mo,MN1,MNN,Auger,KE,223.0,AUGQNT,Any,0.209999993443489
Mo,MN2,MNN,Auger,KE,187.5,10kvcrr4,Any,0.0080000003799796
Mo,MN2,MNN,Auger,KE,188.0,ALSCOF,Al Kα,0.310000002384186
Mo,MN2,MNN,Auger,KE,188.0,AUGQNT,Any,0.310000002384186
Mo,MN3,MNN,Auger,KE,162.0,10kvcrr4,Any,0.003000000026077
Mo,MN3,MNN,Auger,KE,162.0,ALSCOF,Al Kα,0.189999997615814
Mo,MN3,MNN,Auger,KE,162.0,AUGQNT,Any,0.189999997615814
Mo,MN4,MNN,Auger,KE,148.0,ALSCOF,Al Kα,0.100000001490116
Mo,MN4,MNN,Auger,KE,148.0,AUGQNT,Any,0.100000001490116
Mo,MN4,MNN,Auger,KE,150.5,10kvcrr4,Any,0.0010000000474974
Mo,MN5,MNN,Auger,KE,122.0,ALSCOF,Al Kα,0.209999993443489
Mo,MN5,MNN,Auger,KE,122.0,AUGQNT,Any,0.209999993443489
Mo,MN5,MNN,Auger,KE,140.5,10kvcrr4,Any,0.0
Mo,MN6,MNN,Auger,KE,121.5,10kvcrr4,Any,0.0049999998882412
Mo,3d,,XPS,BE,231.5,ALSCOF,Al Kα,9.0
Mo,3d,,XPS,BE,231.5,ALWAGNER,Al Kα,2.0
Mo,3d,,XPS,BE,231.5,MGSCOF,Mg Kα,9.73999977111816
Mo,3d,,XPS,BE,231.5,MGWAGNER,Mg Kα,2.0
Mo,3d3/2,,XPS,BE,233.0,ALSCOF,Al Kα,3.88000011444092
Mo,3d3/2,,XPS,BE,233.0,ALWAGNER,Al Kα,1.0900000333786
Mo,3d3/2,,XPS,BE,233.0,MGSCOF,Mg Kα,3.97000002861023
Mo,3d3/2,,XPS,BE,233.0,MGWAGNER,Mg Kα,1.0900000333786
Mo,3d5/2,,XPS,BE,230.0,ALSCOF,Al Kα,61999988555908.0
Mo,3d5/2,,XPS,BE,230.0,ALWAGNER,Al Kα,1.6599999666214
Mo,3d5/2,,XPS,BE,230.0,MGSCOF,Mg Kα,76999998092651.0
Mo,3d5/2,,XPS,BE,230.0,MGWAGNER,Mg Kα,1.6599999666214
Mo,3p1/2,,XPS,BE,413.0,ALSCOF,Al Kα,3.03999996185303
Mo,3p1/2,,XPS,BE,413.0,MGSCOF,Mg Kα,2.53999996185303
Mo,3p3/2,,XPS,BE,396.0,ALSCOF,Al Kα,94000005722046.0
Mo,3p3/2,,XPS,BE,396.0,MGSCOF,Mg Kα,3000020980835.0
Mo,3p3/2,,XPS,BE,413.0,ALWAGNER,Al Kα,1.28699994087219
Mo,3p3/2,,XPS,BE,413.0,MGWAGNER,Mg Kα,1.05299997329712
Mo,3s,,XPS,BE,508.0,ALSCOF,Al Kα,2.33999991416931
Mo,3s,,XPS,BE,508.0,MGSCOF,Mg Kα,1.88999998569489
Mo,4p,,XPS,BE,38.0,ALSCOF,Al Kα,1.30499994754791
Mo,4p,,XPS,BE,38.0,MGSCOF,Mg Kα,1.11800003051758
Mo,4s,,XPS,BE,65.0,ALSCOF,Al Kα,0.439999997615814
Mo,4s,,XPS,BE,65.0,MGSCOF,Mg Kα,0.363999992609024
N,KL1,KLL,Auger,KE,378.0,ALSCOF,Al Kα,0.0299999993294477
N,KL1,KLL,Auger,KE,378.0,AUGQNT,Any,0.0299999993294477
N,KL1,KLL,Auger,KE,382.5,10kvcrr4,Any,0.128000006079674
N,KL2,KLL,Auger,KE,345.0,ALSCOF,Al Kα,0.0099999997764825
N,KL2,KLL,Auger,KE,345.0,AUGQNT,Any,0.0099999997764825
N,KL2,KLL,Auger,KE,363.5,10kvcrr4,Any,0.0099999997764825
N,KL3,KLL,Auger,KE,351.0,10kvcrr4,Any,0.006000000052154
N,1s,,XPS,BE,402.0,ALSCOF,Al Kα,1.79999995231628
N,1s,,XPS,BE,402.0,ALWAGNER,Al Kα,0.419999986886978
N,1s,,XPS,BE,402.0,MGSCOF,Mg Kα,1.76999998092651
N,1s,,XPS,BE,402.0,MGWAGNER,Mg Kα,0.419999986886978
Na,KL1,KLL,Auger,KE,983.0,ALSCOF,Al Kα,0.209999993443489
Na,KL1,KLL,Auger,KE,983.0,AUGQNT,Any,0.209999993443489
Na,KL2,KLL,Auger,KE,946.0,ALSCOF,Al Kα,0.0500000007450581
Na,KL2,KLL,Auger,KE,946.0,AUGQNT,Any,0.0500000007450581
Na,KL3,KLL,Auger,KE,916.0,AUGQNT,Any,0.0199999995529652
Na,KL4,KLL,Auger,KE,838.0,AUGQNT,Any,0.0010000000474974
Na,1s,,XPS,BE,1072.107,ALSCOF,Al Kα,0.0
Na,1s,,XPS,BE,1072.107,ALWAGNER,Al Kα,0.0
Na,1s,,XPS,BE,1072.107,MGSCOF,Mg Kα,0.0
Na,1s,,XPS,BE,1072.107,MGWAGNER,Mg Kα,0.0
Na,2p,,XPS,BE,31.0,ALSCOF,Al Kα,0.194000005722046
Na,2p,,XPS,BE,31.0,MGSCOF,Mg Kα,0.211999997496605
Na,2s,,XPS,BE,64.0,ALSCOF,Al Kα,0.421999990940094
Na,2s,,XPS,BE,64.0,ALWAGNER,Al Kα,1.42999994754791
Na,2s,,XPS,BE,64.0,MGSCOF,Mg Kα,3.90000009536743
Na,2s,,XPS,BE,64.0,MGWAGNER,Mg Kα,0.116999998688698
Nb,LM1,LMM,Auger,KE,2028.0,AUGQNT,Any,0.0299999993294477
Nb,LM1,LMM,Auger,KE,2032.1999,10kvcrr4,Any,0.150999993085861
Nb,LM2,LMM,Auger,KE,1934.0,AUGQNT,Any,0.0900000035762787
Nb,LM2,LMM,Auger,KE,1939.5,10kvcrr4,Any,0.0
Nb,LM3,LMM,Auger,KE,1779.0,AUGQNT,Any,0.0299999993294477
Nb,LM3,LMM,Auger,KE,1856.5,10kvcrr4,Any,0.0370000004768372
Nb,LM4,LMM,Auger,KE,1783.5,10kvcrr4,Any,0.0240000002086163
Nb,LM5,LMM,Auger,KE,1764.1728,10kvcrr4,Any,0.0
Nb,LM6,LMM,Auger,KE,1626.1617,10kvcrr4,Any,0.0010000000474974
Nb,LM7,LMM,Auger,KE,1610.5,10kvcrr4,Any,0.0
Nb,MN1,MNN,Auger,KE,192.0,ALSCOF,Al Kα,0.0099999997764825
Nb,MN1,MNN,Auger,KE,192.0,AUGQNT,Any,0.0099999997764825
Nb,MN1,MNN,Auger,KE,199.5,10kvcrr4,Any,0.063000001013279
Nb,MN2,MNN,Auger,KE,163.0,ALSCOF,Al Kα,0.0500000007450581
Nb,MN2,MNN,Auger,KE,163.0,AUGQNT,Any,0.0500000007450581
Nb,MN2,MNN,Auger,KE,168.5,10kvcrr4,Any,0.13400000333786
Nb,MN3,MNN,Auger,KE,130.0,ALSCOF,Al Kα,0.0099999997764825
Nb,MN3,MNN,Auger,KE,130.0,AUGQNT,Any,0.0099999997764825
Nb,MN3,MNN,Auger,KE,145.5,10kvcrr4,Any,0.0260000005364418
Nb,MN4,MNN,Auger,KE,102.0,ALSCOF,Al Kα,0.0199999995529652
Nb,MN4,MNN,Auger,KE,102.0,AUGQNT,Any,0.0199999995529652
Nb,MN4,MNN,Auger,KE,135.0,10kvcrr4,Any,0.0240000002086163
Nb,MN5,MNN,Auger,KE,124.0,10kvcrr4,Any,0.0109999999403954
Nb,MN6,MNN,Auger,KE,107.0,10kvcrr4,Any,0.0700000002980232
Nb,MN7,MNN,Auger,KE,41.5,10kvcrr4,Any,0.0500000007450581
Nb,MN8,MNN,Auger,KE,28.5,10kvcrr4,Any,0.195999994874001
Nb,3d,,XPS,BE,207.5,ALSCOF,Al Kα,8.21000003814697
Nb,3d,,XPS,BE,207.5,ALWAGNER,Al Kα,2.40000009536743
Nb,3d,,XPS,BE,207.5,MGSCOF,Mg Kα,8.46000003814697
Nb,3d,,XPS,BE,207.5,MGWAGNER,Mg Kα,2.40000009536743
Nb,3d3/2,,XPS,BE,209.0,ALSCOF,Al Kα,3.34999990463257
Nb,3d3/2,,XPS,BE,209.0,ALWAGNER,Al Kα,0.959999978542328
Nb,3d3/2,,XPS,BE,209.0,MGSCOF,Mg Kα,3.45000004768372
Nb,3d3/2,,XPS,BE,209.0,MGWAGNER,Mg Kα,0.959999978542328
Nb,3d5/2,,XPS,BE,206.0,ALSCOF,Al Kα,4.8600001335144
Nb,3d5/2,,XPS,BE,206.0,ALWAGNER,Al Kα,1.44000005722046
Nb,3d5/2,,XPS,BE,206.0,MGSCOF,Mg Kα,1000022888184.0
Nb,3d5/2,,XPS,BE,206.0,MGWAGNER,Mg Kα,1.44000005722046
Nb,3p1/2,,XPS,BE,379.0,ALSCOF,Al Kα,2.83999991416931
Nb,3p1/2,,XPS,BE,379.0,MGSCOF,Mg Kα,2.39000010490417
Nb,3p3/2,,XPS,BE,364.0,ALSCOF,Al Kα,53000020980835.0
Nb,3p3/2,,XPS,BE,364.0,ALWAGNER,Al Kα,1.21000003814697
Nb,3p3/2,,XPS,BE,364.0,MGSCOF,Mg Kα,4.71000003814697
Nb,3p3/2,,XPS,BE,364.0,MGWAGNER,Mg Kα,0.990000009536743
Nb,3s,,XPS,BE,470.0,ALSCOF,Al Kα,2.22000002861023
Nb,3s,,XPS,BE,470.0,MGSCOF,Mg Kα,1.78999996185303
Nb,4p,,XPS,BE,35.0,ALSCOF,Al Kα,1.30499994754791
Nb,4p,,XPS,BE,35.0,MGSCOF,Mg Kα,1.00100004673004
Nb,4s,,XPS,BE,59.0,ALSCOF,Al Kα,0.40200001001358
Nb,4s,,XPS,BE,59.0,MGSCOF,Mg Kα,0.333000004291534
Nd,MN1,MNN,Auger,KE,988.0,ALSCOF,Al Kα,0.0099999997764825
Nd,MN1,MNN,Auger,KE,988.0,AUGQNT,Any,0.0099999997764825
Nd,MN1,MNN,Auger,KE,994.5,10kvcrr4,Any,0.0070000002160668
Nd,MN2,MNN,Auger,KE,971.0,ALSCOF,Al Kα,0.0099999997764825
Nd,MN2,MNN,Auger,KE,971.0,AUGQNT,Any,0.0099999997764825
Nd,MN2,MNN,Auger,KE,971.5,10kvcrr4,Any,0.0320000015199184
Nd,MN3,MNN,Auger,KE,869.5,10kvcrr4,Any,0.0080000003799796
Nd,MN3,MNN,Auger,KE,934.0,ALSCOF,Al Kα,0.0099999997764825
Nd,MN3,MNN,Auger,KE,934.0,AUGQNT,Any,0.0099999997764825
Nd,MN4,MNN,Auger,KE,850.0,10kvcrr4,Any,0.189999997615814
Nd,MN4,MNN,Auger,KE,868.0,ALSCOF,Al Kα,0.0099999997764825
Nd,MN4,MNN,Auger,KE,868.0,AUGQNT,Any,0.0099999997764825
Nd,MN5,MNN,Auger,KE,833.0,10kvcrr4,Any,0.0140000004321337
Nd,MN5,MNN,Auger,KE,849.0,ALSCOF,Al Kα,0.0399999991059303
Nd,MN5,MNN,Auger,KE,849.0,AUGQNT,Any,0.0399999991059303
Nd,MN6,MNN,Auger,KE,727.5,10kvcrr4,Any,0.711000025272369
Nd,MN6,MNN,Auger,KE,838.0,ALSCOF,Al Kα,0.0399999991059303
Nd,MN6,MNN,Auger,KE,838.0,AUGQNT,Any,0.0399999991059303
Nd,MN7,MNN,Auger,KE,609.5,10kvcrr4,Any,0.0869999974966049
Nd,MN7,MNN,Auger,KE,819.0,ALSCOF,Al Kα,0.0199999995529652
Nd,MN7,MNN,Auger,KE,819.0,AUGQNT,Any,0.0199999995529652
Nd,MN8,MNN,Auger,KE,727.0,ALSCOF,Al Kα,0.140000000596046
Nd,MN8,MNN,Auger,KE,727.0,AUGQNT,Any,0.140000000596046
Nd,MN9,MNN,Auger,KE,700.0,ALSCOF,Al Kα,0.0700000002980232
Nd,MN9,MNN,Auger,KE,700.0,AUGQNT,Any,0.0700000002980232
Nd,NO1,NOO,Auger,KE,123.5,10kvcrr4,Any,0.0399999991059303
Nd,NO2,NOO,Auger,KE,106.5,10kvcrr4,Any,0.158000007271767
Nd,NO3,NOO,Auger,KE,90.0,10kvcrr4,Any,0.180000007152557
Nd,NO4,NOO,Auger,KE,71.0,10kvcrr4,Any,0.0320000015199184
Nd,3d,,XPS,BE,990.5,ALSCOF,Al Kα,59.560001373291
Nd,3d,,XPS,BE,990.5,ALWAGNER,Al Kα,7.0
Nd,3d,,XPS,BE,990.5,MGWAGNER,Mg Kα,7.0
Nd,3d3/2,,XPS,BE,1001.0,ALSCOF,Al Kα,0.0
Nd,3d3/2,,XPS,BE,1001.0,MGSCOF,Mg Kα,0.3495124736
Nd,3d5/2,,XPS,BE,980.0,ALSCOF,Al Kα,35.2900009155273
Nd,3p3/2,,XPS,BE,1299.1297,ALSCOF,Al Kα,0.0
Nd,4d,,XPS,BE,120.0,ALSCOF,Al Kα,8.02999973297119
Nd,4d,,XPS,BE,120.0,ALWAGNER,Al Kα,2.20000004768372
Nd,4d,,XPS,BE,120.0,MGSCOF,Mg Kα,7.23999977111816
Nd,4d,,XPS,BE,120.0,MGWAGNER,Mg Kα,1.79999995231628
Nd,4p1/2,,XPS,BE,248.0,ALSCOF,Al Kα,1.5900000333786
Nd,4p1/2,,XPS,BE,248.0,MGSCOF,Mg Kα,1.26999998092651
Nd,4p3/2,,XPS,BE,227.0,ALSCOF,Al Kα,3.30999994277954
Nd,4p3/2,,XPS,BE,227.0,MGSCOF,Mg Kα,2.71000003814697
Nd,4s,,XPS,BE,318.0,ALSCOF,Al Kα,1.33000004291534
Nd,4s,,XPS,BE,318.0,MGSCOF,Mg Kα,1.07000005245209
Nd,5p,,XPS,BE,23.0,ALSCOF,Al Kα,0.708000004291534
Nd,5p,,XPS,BE,23.0,MGSCOF,Mg Kα,0.582000017166138
Nd,5s,,XPS,BE,38.0,ALSCOF,Al Kα,0.246999993920326
Nd,5s,,XPS,BE,38.0,MGSCOF,Mg Kα,0.202000007033348
Ne,KL1,KLL,Auger,KE,818.0,ALSCOF,Al Kα,0.200000002980232
Ne,KL1,KLL,Auger,KE,818.0,AUGQNT,Any,0.200000002980232
Ne,KL2,KLL,Auger,KE,814.0,ALSCOF,Al Kα,0.100000001490116
Ne,KL2,KLL,Auger,KE,814.0,AUGQNT,Any,0.100000001490116
Ne,1s,,XPS,BE,863.0,ALSCOF,Al Kα,6.30000019073486
Ne,1s,,XPS,BE,863.0,ALWAGNER,Al Kα,1.0
Ne,1s,,XPS,BE,863.0,MGSCOF,Mg Kα,94999980926514.0
Ne,1s,,XPS,BE,863.0,MGWAGNER,Mg Kα,1.0
Ne,2p,,XPS,BE,14.0,ALSCOF,Al Kα,0.103000000119209
Ne,2p,,XPS,BE,14.0,MGSCOF,Mg Kα,0.112999998033047
Ne,2s,,XPS,BE,41.0,ALSCOF,Al Kα,0.296000003814697
Ne,2s,,XPS,BE,41.0,ALWAGNER,Al Kα,0.0769999995827675
Ne,2s,,XPS,BE,41.0,MGSCOF,Mg Kα,0.27700001001358
Ne,2s,,XPS,BE,41.0,MGWAGNER,Mg Kα,0.063000001013279
Ni,LM1,LMM,Auger,KE,863.0,ALSCOF,Al Kα,0.0799999982118607
Ni,LM1,LMM,Auger,KE,863.0,AUGQNT,Any,0.0799999982118607
Ni,LM1,LMM,Auger,KE,864.5,10kvcrr4,Any,0.025000000372529
Ni,LM2,LMM,Auger,KE,846.0,ALSCOF,Al Kα,0.600000023841858
Ni,LM2,LMM,Auger,KE,846.0,AUGQNT,Any,0.600000023841858
Ni,LM2,LMM,Auger,KE,847.0,10kvcrr4,Any,0.640999972820282
Ni,LM3,LMM,Auger,KE,782.0,10kvcrr4,Any,0.0109999999403954
Ni,LM3,LMM,Auger,KE,820.0,ALSCOF,Al Kα,0.170000001788139
Ni,LM3,LMM,Auger,KE,820.0,AUGQNT,Any,0.170000001788139
Ni,LM4,LMM,Auger,KE,775.5,10kvcrr4,Any,0.391999989748001
Ni,LM4,LMM,Auger,KE,781.0,ALSCOF,Al Kα,0.319999992847443
Ni,LM4,LMM,Auger,KE,781.0,AUGQNT,Any,0.319999992847443
Ni,LM5,LMM,Auger,KE,735.5,10kvcrr4,Any,0.006000000052154
Ni,LM5,LMM,Auger,KE,775.0,ALSCOF,Al Kα,0.400000005960464
Ni,LM5,LMM,Auger,KE,775.0,AUGQNT,Any,0.400000005960464
Ni,LM6,LMM,Auger,KE,716.0,10kvcrr4,Any,0.0280000008642673
Ni,LM6,LMM,Auger,KE,736.0,ALSCOF,Al Kα,0.140000000596046
Ni,LM6,LMM,Auger,KE,736.0,AUGQNT,Any,0.140000000596046
Ni,LM7,LMM,Auger,KE,709.5,10kvcrr4,Any,0.277999997138977
Ni,LM7,LMM,Auger,KE,715.0,ALSCOF,Al Kα,0.0
Ni,LM7,LMM,Auger,KE,715.0,AUGQNT,Any,0.0
Ni,LM8,LMM,Auger,KE,675.5,10kvcrr4,Any,0.0099999997764825
Ni,LM8,LMM,Auger,KE,708.0,ALSCOF,Al Kα,0.270000010728836
Ni,LM8,LMM,Auger,KE,708.0,AUGQNT,Any,0.270000010728836
Ni,LM9,LMM,Auger,KE,661.5,10kvcrr4,Any,0.0070000002160668
Ni,LM9,LMM,Auger,KE,676.0,ALSCOF,Al Kα,0.109999999403954
Ni,LM9,LMM,Auger,KE,676.0,AUGQNT,Any,0.109999999403954
Ni,MN1,MNN,Auger,KE,61.0,AUGQNT,Any,0.479999989271164
Ni,MN1,MNN,Auger,KE,104.0,10kvcrr4,Any,0.0149999996647239
Ni,MN2,MNN,Auger,KE,60.0,10kvcrr4,Any,0.25900000333786
Ni,2p,,XPS,BE,864.0,ALSCOF,Al Kα,22.1800003051758
Ni,2p,,XPS,BE,864.0,ALWAGNER,Al Kα,4.0
Ni,2p,,XPS,BE,864.0,MGWAGNER,Mg Kα,4.0
Ni,2p1/2,,XPS,BE,873.0,ALSCOF,Al Kα,7.57000017166138
Ni,2p1/2,,XPS,BE,873.0,ALWAGNER,Al Kα,1.0
Ni,2p1/2,,XPS,BE,873.0,MGWAGNER,Mg Kα,1.0
Ni,2p3/2,,XPS,BE,855.0,ALSCOF,Al Kα,14.6099996566772
Ni,2p3/2,,XPS,BE,855.0,ALWAGNER,Al Kα,3.0
Ni,2p3/2,,XPS,BE,855.0,MGWAGNER,Mg Kα,3.0
Ni,2s,,XPS,BE,1009.1007,ALSCOF,Al Kα,0.0
Ni,2s,,XPS,BE,1009.1007,MGSCOF,Mg Kα,0.0
Ni,3p,,XPS,BE,68.0,ALSCOF,Al Kα,2.21700000762939
Ni,3p,,XPS,BE,68.0,ALWAGNER,Al Kα,0.550000011920929
Ni,3p,,XPS,BE,68.0,MGWAGNER,Mg Kα,0.449999988079071
Ni,3p1/2,,XPS,BE,69.0,ALSCOF,Al Kα,0.757000029087067
Ni,3p3/2,,XPS,BE,67.0,ALSCOF,Al Kα,1.46000003814697
Ni,3s,,XPS,BE,112.0,ALSCOF,Al Kα,0.892000019550323
Np,4d3/2,,XPS,BE,816.0,ALSCOF,Al Kα,11.4399995803833
Np,4d3/2,,XPS,BE,816.0,MGSCOF,Mg Kα,8.3100004196167
Np,4d5/2,,XPS,BE,771.0,ALSCOF,Al Kα,17.4400005340576
Np,4d5/2,,XPS,BE,771.0,MGSCOF,Mg Kα,13.0200004577637
Np,4f5/2,,XPS,BE,414.0,ALSCOF,Al Kα,22.9099998474121
Np,4f5/2,,XPS,BE,414.0,MGSCOF,Mg Kα,21.8700008392334
Np,4f7/2,,XPS,BE,402.0,ALSCOF,Al Kα,29.1800003051758
Np,4f7/2,,XPS,BE,402.0,MGSCOF,Mg Kα,28.0200004577637
Np,4p1/2,,XPS,BE,1327.1325,ALSCOF,Al Kα,0.0
Np,4p3/2,,XPS,BE,1086.1084,ALSCOF,Al Kα,0.0
Np,4p3/2,,XPS,BE,1086.1084,MGSCOF,Mg Kα,0.0
Np,5d5/2,,XPS,BE,101.0,ALSCOF,Al Kα,3.61999988555908
Np,5d5/2,,XPS,BE,101.0,MGSCOF,Mg Kα,2.88000011444092
Np,5p3/2,,XPS,BE,206.0,ALSCOF,Al Kα,2.30999994277954
Np,5p3/2,,XPS,BE,206.0,MGSCOF,Mg Kα,1.82000005245209
Np,6p1/2,,XPS,BE,29.0,ALSCOF,Al Kα,0.135000005364418
Np,6p1/2,,XPS,BE,29.0,MGSCOF,Mg Kα,0.101999998092651
Np,6p3/2,,XPS,BE,18.0,ALSCOF,Al Kα,0.389999985694885
Np,6p3/2,,XPS,BE,18.0,MGSCOF,Mg Kα,0.312000006437302
O,KL1,KLL,Auger,KE,505.0,10kvcrr4,Any,0.42399999499321
O,KL1,KLL,Auger,KE,506.0,ALSCOF,Al Kα,0.959999978542328
O,KL1,KLL,Auger,KE,506.0,AUGQNT,Any,0.959999978542328
O,KL2,KLL,Auger,KE,484.0,10kvcrr4,Any,0.112000003457069
O,KL2,KLL,Auger,KE,485.0,ALSCOF,Al Kα,0.200000002980232
O,KL2,KLL,Auger,KE,485.0,AUGQNT,Any,0.200000002980232
O,KL3,KLL,Auger,KE,468.0,10kvcrr4,Any,0.025000000372529
O,KL3,KLL,Auger,KE,469.0,ALSCOF,Al Kα,0.0299999993294477
O,KL3,KLL,Auger,KE,469.0,AUGQNT,Any,0.0299999993294477
O,1s,,XPS,BE,531.0,ALSCOF,Al Kα,2.9300000667572
O,1s,,XPS,BE,531.0,ALWAGNER,Al Kα,0.660000026226044
O,1s,,XPS,BE,531.0,MGSCOF,Mg Kα,2.84999990463257
O,1s,,XPS,BE,531.0,MGWAGNER,Mg Kα,0.660000026226044
O,2s,,XPS,BE,23.0,ALSCOF,Al Kα,0.141000002622604
O,2s,,XPS,BE,23.0,ALWAGNER,Al Kα,0.0280000008642673
O,2s,,XPS,BE,23.0,MGSCOF,Mg Kα,0.135000005364418
O,2s,,XPS,BE,23.0,MGWAGNER,Mg Kα,0.0230000000447035
Os,NO1,NOO,Auger,KE,176.0,ALSCOF,Al Kα,0.119999997317791
Os,NO1,NOO,Auger,KE,176.0,AUGQNT,Any,0.119999997317791
Os,4d,,XPS,BE,286.5,ALSCOF,Al Kα,17.7099990844727
Os,4d,,XPS,BE,286.5,ALWAGNER,Al Kα,3.19000005722046
Os,4d,,XPS,BE,286.5,MGWAGNER,Mg Kα,2.60999989509583
Os,4d3/2,,XPS,BE,294.0,ALSCOF,Al Kα,7.23000001907349
Os,4d3/2,,XPS,BE,294.0,ALWAGNER,Al Kα,1.26499998569489
Os,4d3/2,,XPS,BE,294.0,MGSCOF,Mg Kα,8600001335144.0
Os,4d3/2,,XPS,BE,294.0,MGWAGNER,Mg Kα,1.0349999666214
Os,4d5/2,,XPS,BE,279.0,ALSCOF,Al Kα,10.4799995422363
Os,4d5/2,,XPS,BE,279.0,ALWAGNER,Al Kα,1.92499995231628
Os,4d5/2,,XPS,BE,279.0,MGSCOF,Mg Kα,8.60000038146973
Os,4d5/2,,XPS,BE,279.0,MGWAGNER,Mg Kα,1.57500004768372
Os,4f,,XPS,BE,53.5,ALSCOF,Al Kα,12.4399995803833
Os,4f,,XPS,BE,53.5,ALWAGNER,Al Kα,3.0
Os,4f,,XPS,BE,53.5,MGSCOF,Mg Kα,12.8900003433228
Os,4f,,XPS,BE,53.5,MGWAGNER,Mg Kα,3.0
Os,4f5/2,,XPS,BE,55.0,ALSCOF,Al Kα,48000001907349.0
Os,4f5/2,,XPS,BE,55.0,MGSCOF,Mg Kα,67000007629395.0
Os,4f7/2,,XPS,BE,52.0,ALSCOF,Al Kα,6.96000003814697
Os,4f7/2,,XPS,BE,52.0,MGSCOF,Mg Kα,7.21999979019165
Os,4p1/2,,XPS,BE,549.0,ALSCOF,Al Kα,2.13000011444092
Os,4p1/2,,XPS,BE,549.0,MGSCOF,Mg Kα,1.54999995231628
Os,4p3/2,,XPS,BE,475.0,ALSCOF,Al Kα,44999980926514.0
Os,4p3/2,,XPS,BE,475.0,MGSCOF,Mg Kα,4.23999977111816
Os,4s,,XPS,BE,657.0,ALSCOF,Al Kα,1.86000001430511
Os,4s,,XPS,BE,657.0,MGSCOF,Mg Kα,1.41999995708466
Os,5p1/2,,XPS,BE,60.0,ALSCOF,Al Kα,0.407999992370605
Os,5p1/2,,XPS,BE,60.0,MGSCOF,Mg Kα,0.314000010490417
Os,5p3/2,,XPS,BE,48.0,ALSCOF,Al Kα,0.927999973297119
Os,5p3/2,,XPS,BE,48.0,MGSCOF,Mg Kα,0.742999970912933
Os,5s,,XPS,BE,86.0,ALSCOF,Al Kα,0.421999990940094
Os,5s,,XPS,BE,86.0,MGSCOF,Mg Kα,0.337000012397766
P,KL1,KLL,Auger,KE,1857.0,AUGQNT,Any,0.100000001490116
P,KL2,KLL,Auger,KE,1849.0,AUGQNT,Any,0.0700000002980232
P,KL3,KLL,Auger,KE,1811.0,AUGQNT,Any,0.0500000007450581
P,KL4,KLL,Auger,KE,1792.0,AUGQNT,Any,0.0399999991059303
P,KL5,KLL,Auger,KE,1741.0,AUGQNT,Any,0.0199999995529652
P,LM1,LMM,Auger,KE,118.0,ALSCOF,Al Kα,0.439999997615814
P,LM1,LMM,Auger,KE,118.0,AUGQNT,Any,0.439999997615814
P,2p,,XPS,BE,133.5,ALSCOF,Al Kα,1.19200003147125
P,2p,,XPS,BE,133.5,ALWAGNER,Al Kα,0.389999985694885
P,2p,,XPS,BE,133.5,MGSCOF,Mg Kα,1.0
P,2p,,XPS,BE,133.5,MGWAGNER,Mg Kα,0.389999985694885
P,2p1/2,,XPS,BE,134.0,ALSCOF,Al Kα,0.402999997138977
P,2p1/2,,XPS,BE,134.0,MGSCOF,Mg Kα,0.421999990940094
P,2p3/2,,XPS,BE,133.0,ALSCOF,Al Kα,0.788999974727631
P,2p3/2,,XPS,BE,133.0,MGSCOF,Mg Kα,0.828000009059906
P,2s,,XPS,BE,191.0,ALSCOF,Al Kα,1.17999994754791
P,2s,,XPS,BE,191.0,ALWAGNER,Al Kα,0.319000005722046
P,2s,,XPS,BE,191.0,MGSCOF,Mg Kα,1.04999995231628
P,2s,,XPS,BE,191.0,MGWAGNER,Mg Kα,0.261000007390976
P,3s,,XPS,BE,14.0,ALSCOF,Al Kα,0.112000003457069
P,3s,,XPS,BE,14.0,MGSCOF,Mg Kα,0.100000001490116
Pb,MN1,MNN,Auger,KE,2280.0,AUGQNT,Any,0.0799999982118607
Pb,MN1,MNN,Auger,KE,2321.2305,10kvcrr4,Any,0.0
Pb,MN2,MNN,Auger,KE,2178.0,AUGQNT,Any,0.159999996423721
Pb,MN2,MNN,Auger,KE,2280.5,10kvcrr4,Any,0.232999995350838
Pb,MN3,MNN,Auger,KE,180.2148,10kvcrr4,Any,0.0
Pb,MN3,MNN,Auger,KE,1982.0,AUGQNT,Any,0.0599999986588955
Pb,MN4,MNN,Auger,KE,1907.0,AUGQNT,Any,0.0700000002980232
Pb,MN4,MNN,Auger,KE,2043.5,10kvcrr4,Any,0.0080000003799796
Pb,MN5,MNN,Auger,KE,1980.5,10kvcrr4,Any,0.116999998688698
Pb,MN6,MNN,Auger,KE,1907.1892,10kvcrr4,Any,0.0
Pb,MN7,MNN,Auger,KE,1885.1854,10kvcrr4,Any,0.0
Pb,MN8,MNN,Auger,KE,1720.5,10kvcrr4,Any,0.0309999994933605
Pb,MN9,MNN,Auger,KE,1617.1585,10kvcrr4,Any,0.0
Pb,NO1,NOO,Auger,KE,267.0,10kvcrr4,Any,0.0160000007599592
Pb,NO1,NOO,Auger,KE,267.0,ALSCOF,Al Kα,0.0299999993294477
Pb,NO1,NOO,Auger,KE,267.0,AUGQNT,Any,0.0299999993294477
Pb,NO2,NOO,Auger,KE,244.0,ALSCOF,Al Kα,0.0500000007450581
Pb,NO2,NOO,Auger,KE,244.0,AUGQNT,Any,0.0500000007450581
Pb,NO2,NOO,Auger,KE,247.0,10kvcrr4,Any,0.105999998748302
Pb,NO3,NOO,Auger,KE,118.0,AUGQNT,Any,0.0399999991059303
Pb,NO3,NOO,Auger,KE,134.0,10kvcrr4,Any,0.0049999998882412
Pb,NO4,NOO,Auger,KE,94.0,ALSCOF,Al Kα,0.509999990463257
Pb,NO4,NOO,Auger,KE,94.0,AUGQNT,Any,0.509999990463257
Pb,NO4,NOO,Auger,KE,118.0,10kvcrr4,Any,0.0120000001043081
Pb,NO5,NOO,Auger,KE,60.0,AUGQNT,Any,0.0500000007450581
Pb,NO5,NOO,Auger,KE,96.0,10kvcrr4,Any,0.314000010490417
Pb,NO6,NOO,Auger,KE,93.0,10kvcrr4,Any,0.0209999997168779
Pb,NO7,NOO,Auger,KE,42.0,10kvcrr4,Any,0.301999986171722
Pb,4d3/2,,XPS,BE,435.0,ALSCOF,Al Kα,8.86999988555908
Pb,4d3/2,,XPS,BE,435.0,MGSCOF,Mg Kα,6.94000005722046
Pb,4d5/2,,XPS,BE,413.0,ALSCOF,Al Kα,13.0200004577637
Pb,4d5/2,,XPS,BE,413.0,ALWAGNER,Al Kα,2.34999990463257
Pb,4d5/2,,XPS,BE,413.0,MGSCOF,Mg Kα,10.3699998855591
Pb,4d5/2,,XPS,BE,413.0,MGWAGNER,Mg Kα,2.34999990463257
Pb,4f,,XPS,BE,140.5,ALSCOF,Al Kα,22.7399997711182
Pb,4f,,XPS,BE,140.5,ALWAGNER,Al Kα,6.69999980926514
Pb,4f,,XPS,BE,140.5,MGSCOF,Mg Kα,22.8799991607666
Pb,4f,,XPS,BE,140.5,MGWAGNER,Mg Kα,6.69999980926514
Pb,4f5/2,,XPS,BE,143.0,ALSCOF,Al Kα,10.0100002288818
Pb,4f5/2,,XPS,BE,143.0,ALWAGNER,Al Kα,2.84999990463257
Pb,4f5/2,,XPS,BE,143.0,MGSCOF,Mg Kα,10.0500001907349
Pb,4f5/2,,XPS,BE,143.0,MGWAGNER,Mg Kα,2.84999990463257
Pb,4f7/2,,XPS,BE,138.0,ALSCOF,Al Kα,12.7299995422363
Pb,4f7/2,,XPS,BE,138.0,ALWAGNER,Al Kα,3.84999990463257
Pb,4f7/2,,XPS,BE,138.0,MGSCOF,Mg Kα,12.8299999237061
Pb,4f7/2,,XPS,BE,138.0,MGWAGNER,Mg Kα,3.84999990463257
Pb,4p1/2,,XPS,BE,762.0,ALSCOF,Al Kα,2.11999988555908
Pb,4p1/2,,XPS,BE,762.0,MGSCOF,Mg Kα,1.47000002861023
Pb,4p3/2,,XPS,BE,645.0,ALSCOF,Al Kα,6.32999992370605
Pb,4p3/2,,XPS,BE,645.0,MGSCOF,Mg Kα,4.8600001335144
Pb,4s,,XPS,BE,893.0,ALSCOF,Al Kα,1.96000003814697
Pb,4s,,XPS,BE,893.0,MGSCOF,Mg Kα,1.46000003814697
Pb,5d,,XPS,BE,20.5,ALSCOF,Al Kα,2.69000005722046
Pb,5d,,XPS,BE,20.5,ALWAGNER,Al Kα,1.10000002384186
Pb,5d,,XPS,BE,20.5,MGSCOF,Mg Kα,2.19000005722046
Pb,5d,,XPS,BE,20.5,MGWAGNER,Mg Kα,0.899999976158142
Pb,5d3/2,,XPS,BE,22.0,ALSCOF,Al Kα,1.11000001430511
Pb,5d3/2,,XPS,BE,22.0,MGSCOF,Mg Kα,0.899999976158142
Pb,5d5/2,,XPS,BE,19.0,ALSCOF,Al Kα,1.58000004291534
Pb,5d5/2,,XPS,BE,19.0,MGSCOF,Mg Kα,1.28999996185303
Pb,5p1/2,,XPS,BE,107.0,ALSCOF,Al Kα,0.526000022888184
Pb,5p1/2,,XPS,BE,107.0,MGSCOF,Mg Kα,0.398000001907349
Pb,5p3/2,,XPS,BE,84.0,ALSCOF,Al Kα,1.33000004291534
Pb,5p3/2,,XPS,BE,84.0,MGSCOF,Mg Kα,1.05999994277954
Pb,5s,,XPS,BE,148.0,ALSCOF,Al Kα,0.541999995708466
Pb,5s,,XPS,BE,148.0,MGSCOF,Mg Kα,0.430000007152557
Pd,MN1,MNN,Auger,KE,328.0,10kvcrr4,Any,0.611999988555908
Pd,MN1,MNN,Auger,KE,330.0,ALSCOF,Al Kα,0.720000028610229
Pd,MN1,MNN,Auger,KE,330.0,AUGQNT,Any,0.720000028610229
Pd,MN2,MNN,Auger,KE,276.5,10kvcrr4,Any,0.416000008583069
Pd,MN2,MNN,Auger,KE,279.0,ALSCOF,Al Kα,0.129999995231628
Pd,MN2,MNN,Auger,KE,279.0,AUGQNT,Any,0.129999995231628
Pd,MN3,MNN,Auger,KE,243.0,ALSCOF,Al Kα,0.0599999986588955
Pd,MN3,MNN,Auger,KE,243.0,AUGQNT,Any,0.0599999986588955
Pd,MN3,MNN,Auger,KE,244.100006103516,10kvcrr4,Any,0.0920000001788139
Pd,MN4,MNN,Auger,KE,185.0,10kvcrr4,Any,0.0370000004768372
Pd,NO1,NOO,Auger,KE,82.0,10kvcrr4,Any,0.003000000026077
Pd,NO2,NOO,Auger,KE,70.0,10kvcrr4,Any,0.0070000002160668
Pd,NO3,NOO,Auger,KE,44.0,10kvcrr4,Any,0.10700000077486
Pd,3d,,XPS,BE,339.5,ALSCOF,Al Kα,16.0400009155273
Pd,3d,,XPS,BE,339.5,ALWAGNER,Al Kα,4.59999990463257
Pd,3d,,XPS,BE,339.5,MGSCOF,Mg Kα,16.1200008392334
Pd,3d,,XPS,BE,339.5,MGWAGNER,Mg Kα,4.59999990463257
Pd,3d3/2,,XPS,BE,342.0,ALSCOF,Al Kα,6.55999994277954
Pd,3d3/2,,XPS,BE,342.0,ALWAGNER,Al Kα,1.89999997615814
Pd,3d3/2,,XPS,BE,342.0,MGSCOF,Mg Kα,6.57999992370605
Pd,3d3/2,,XPS,BE,342.0,MGWAGNER,Mg Kα,1.89999997615814
Pd,3d5/2,,XPS,BE,337.0,ALSCOF,Al Kα,9.47999954223633
Pd,3d5/2,,XPS,BE,337.0,ALWAGNER,Al Kα,2.70000004768372
Pd,3d5/2,,XPS,BE,337.0,MGSCOF,Mg Kα,9.53999996185303
Pd,3d5/2,,XPS,BE,337.0,MGWAGNER,Mg Kα,2.70000004768372
Pd,3p1/2,,XPS,BE,561.0,ALSCOF,Al Kα,3.82999992370605
Pd,3p1/2,,XPS,BE,561.0,MGSCOF,Mg Kα,3.11999988555908
Pd,3p3/2,,XPS,BE,534.0,ALSCOF,Al Kα,7.63000011444092
Pd,3p3/2,,XPS,BE,534.0,ALWAGNER,Al Kα,1.57299995422363
Pd,3p3/2,,XPS,BE,534.0,MGSCOF,Mg Kα,6.32999992370605
Pd,3p3/2,,XPS,BE,534.0,MGWAGNER,Mg Kα,1.28699994087219
Pd,3s,,XPS,BE,673.0,ALSCOF,Al Kα,2.80999994277954
Pd,3s,,XPS,BE,673.0,MGSCOF,Mg Kα,2.24000000953674
Pd,4p,,XPS,BE,54.0,ALSCOF,Al Kα,1.88100004196167
Pd,4p,,XPS,BE,54.0,MGSCOF,Mg Kα,1.59800004959106
Pd,4s,,XPS,BE,88.0,ALSCOF,Al Kα,0.59799998998642
Pd,4s,,XPS,BE,88.0,MGSCOF,Mg Kα,0.493999987840652
Pm,3d,,XPS,BE,1047.1045,ALSCOF,Al Kα,0.526068
Pm,3d,,XPS,BE,1047.1045,ALWAGNER,Al Kα,0.526068
Pm,3d,,XPS,BE,1047.1045,MGWAGNER,Mg Kα,0.526068
Pm,3d3/2,,XPS,BE,1060.1058,ALSCOF,Al Kα,0.55338791337984
Pm,3d3/2,,XPS,BE,1060.1058,MGSCOF,Mg Kα,0.55338791337984
Pm,3d5/2,,XPS,BE,1034.1032,ALSCOF,Al Kα,0.0
Pm,3d5/2,,XPS,BE,1034.1032,MGSCOF,Mg Kα,0.0
Pm,4d,,XPS,BE,129.0,ALSCOF,Al Kα,8.59000015258789
Pm,4d,,XPS,BE,129.0,ALWAGNER,Al Kα,2.20000004768372
Pm,4d,,XPS,BE,129.0,MGSCOF,Mg Kα,7.69000005722046
Pm,4d,,XPS,BE,129.0,MGWAGNER,Mg Kα,1.79999995231628
Pm,4p1/2,,XPS,BE,264.0,ALSCOF,Al Kα,1.63999998569489
Pm,4p1/2,,XPS,BE,264.0,MGSCOF,Mg Kα,1.29999995231628
Pm,4p3/2,,XPS,BE,242.0,ALSCOF,Al Kα,3.45000004768372
Pm,4p3/2,,XPS,BE,242.0,MGSCOF,Mg Kα,2.80999994277954
Pm,4s,,XPS,BE,337.0,ALSCOF,Al Kα,1.37999999523163
Pm,4s,,XPS,BE,337.0,MGSCOF,Mg Kα,1.11000001430511
Pm,5p,,XPS,BE,22.0,ALSCOF,Al Kα,0.730000019073486
Pm,5p,,XPS,BE,22.0,MGSCOF,Mg Kα,0.59799998998642
Pm,5s,,XPS,BE,38.0,ALSCOF,Al Kα,0.254000008106232
Pm,5s,,XPS,BE,38.0,MGSCOF,Mg Kα,0.208000004291534
Pr,3d,,XPS,BE,940.0,ALSCOF,Al Kα,55.560001373291
Pr,3d,,XPS,BE,940.0,ALWAGNER,Al Kα,9.0
Pr,3d,,XPS,BE,940.0,MGWAGNER,Mg Kα,9.0
Pr,3d3/2,,XPS,BE,950.0,ALSCOF,Al Kα,22.7199993133545
Pr,3d3/2,,XPS,BE,950.0,MGSCOF,Mg Kα,21.1299991607666
Pr,3d5/2,,XPS,BE,930.0,ALSCOF,Al Kα,32.8499984741211
Pr,3p1/2,,XPS,BE,1337.1135,ALSCOF,Al Kα,0.0
Pr,3p3/2,,XPS,BE,930.0,MGSCOF,Mg Kα,30.7199993133545
Pr,3p3/2,,XPS,BE,1242.124,ALSCOF,Al Kα,0.0
Pr,4d,,XPS,BE,114.0,ALSCOF,Al Kα,7.48000001907349
Pr,4d,,XPS,BE,114.0,ALWAGNER,Al Kα,2.20000004768372
Pr,4d,,XPS,BE,114.0,MGSCOF,Mg Kα,6.78000020980835
Pr,4d,,XPS,BE,114.0,MGWAGNER,Mg Kα,1.79999995231628
Pr,4p1/2,,XPS,BE,237.0,ALSCOF,Al Kα,1.52999997138977
Pr,4p1/2,,XPS,BE,237.0,MGSCOF,Mg Kα,1.23000001907349
Pr,4p3/2,,XPS,BE,218.0,ALSCOF,Al Kα,3.17000007629395
Pr,4p3/2,,XPS,BE,218.0,MGSCOF,Mg Kα,2.59999990463257
Pr,4s,,XPS,BE,305.0,ALSCOF,Al Kα,1.27999997138977
Pr,4s,,XPS,BE,305.0,MGSCOF,Mg Kα,1.03999996185303
Pr,5p,,XPS,BE,20.0,ALSCOF,Al Kα,0.685000002384186
Pr,5p,,XPS,BE,20.0,MGSCOF,Mg Kα,0.564000010490417
Pr,5s,,XPS,BE,38.0,ALSCOF,Al Kα,0.238000005483627
Pr,5s,,XPS,BE,38.0,MGSCOF,Mg Kα,0.195999994874001
Pt,MN1,MNN,Auger,KE,1462.5,10kvcrr4,Any,0.0
Pt,MN1,MNN,Auger,KE,2040.0,AUGQNT,Any,0.150000005960464
Pt,MN2,MNN,Auger,KE,1961.0,AUGQNT,Any,0.209999993443489
Pt,MN2,MNN,Auger,KE,2042.5,10kvcrr4,Any,0.216000005602837
Pt,MN3,MNN,Auger,KE,1776.0,AUGQNT,Any,0.0500000007450581
Pt,MN3,MNN,Auger,KE,1962.5,10kvcrr4,Any,0.0
Pt,MN4,MNN,Auger,KE,1716.0,AUGQNT,Any,0.0700000002980232
Pt,MN4,MNN,Auger,KE,1806.5,10kvcrr4,Any,0.0040000001899898
Pt,MN5,MNN,Auger,KE,1696.0,AUGQNT,Any,0.0700000002980232
Pt,MN5,MNN,Auger,KE,1781.5,10kvcrr4,Any,0.119999997317791
Pt,MN6,MNN,Auger,KE,1540.0,AUGQNT,Any,0.0199999995529652
Pt,MN6,MNN,Auger,KE,1717.5,10kvcrr4,Any,0.248999997973442
Pt,MN7,MNN,Auger,KE,1460.0,AUGQNT,Any,0.0399999991059303
Pt,MN7,MNN,Auger,KE,1698.1679,10kvcrr4,Any,0.0
Pt,MN8,MNN,Auger,KE,1543.5,10kvcrr4,Any,0.025000000372529
Pt,MN9,MNN,Auger,KE,1480.147,10kvcrr4,Any,0.0070000002160668
Pt,NO1,NOO,Auger,KE,250.5,10kvcrr4,Any,0.0140000004321337
Pt,NO1,NOO,Auger,KE,253.0,AUGQNT,Any,0.0399999991059303
Pt,NO2,NOO,Auger,KE,236.0,AUGQNT,Any,0.0700000002980232
Pt,NO2,NOO,Auger,KE,236.5,10kvcrr4,Any,0.0500000007450581
Pt,NO3,NOO,Auger,KE,155.0,AUGQNT,Any,0.0700000002980232
Pt,NO3,NOO,Auger,KE,184.5,10kvcrr4,Any,0.003000000026077
Pt,NO4,NOO,Auger,KE,170.0,10kvcrr4,Any,0.0219999998807907
Pt,NO5,NOO,Auger,KE,161.5,10kvcrr4,Any,0.0049999998882412
Pt,NO6,NOO,Auger,KE,153.0,10kvcrr4,Any,0.0099999997764825
Pt,NO7,NOO,Auger,KE,64.5,10kvcrr4,Any,0.537000000476837
Pt,NO8,NOO,Auger,KE,43.5,10kvcrr4,Any,0.212999999523163
Pt,NO9,NOO,Auger,KE,27.5,10kvcrr4,Any,0.158999994397163
Pt,4d3/2,,XPS,BE,333.0,ALSCOF,Al Kα,7.78000020980835
Pt,4d3/2,,XPS,BE,333.0,MGSCOF,Mg Kα,6.23999977111816
Pt,4d5/2,,XPS,BE,316.0,ALSCOF,Al Kα,11.3199996948242
Pt,4d5/2,,XPS,BE,316.0,ALWAGNER,Al Kα,2.11199998855591
Pt,4d5/2,,XPS,BE,316.0,MGSCOF,Mg Kα,9.19999980926514
Pt,4d5/2,,XPS,BE,316.0,MGWAGNER,Mg Kα,1.72800004482269
Pt,4f,,XPS,BE,74.5,ALSCOF,Al Kα,15.460000038147
Pt,4f,,XPS,BE,74.5,ALWAGNER,Al Kα,4.40000009536743
Pt,4f,,XPS,BE,74.5,MGSCOF,Mg Kα,15.8599996566772
Pt,4f,,XPS,BE,74.5,MGWAGNER,Mg Kα,4.40000009536743
Pt,4f5/2,,XPS,BE,76.0,ALSCOF,Al Kα,6.80999994277954
Pt,4f5/2,,XPS,BE,76.0,ALWAGNER,Al Kα,1.85000002384186
Pt,4f5/2,,XPS,BE,76.0,MGSCOF,Mg Kα,6.96999979019165
Pt,4f5/2,,XPS,BE,76.0,MGWAGNER,Mg Kα,1.85000002384186
Pt,4f7/2,,XPS,BE,73.0,ALSCOF,Al Kα,8.64999961853027
Pt,4f7/2,,XPS,BE,73.0,ALWAGNER,Al Kα,2.54999995231628
Pt,4f7/2,,XPS,BE,73.0,MGSCOF,Mg Kα,8.89000034332275
Pt,4f7/2,,XPS,BE,73.0,MGWAGNER,Mg Kα,2.54999995231628
Pt,4p1/2,,XPS,BE,610.0,ALSCOF,Al Kα,2.14000010490417
Pt,4p1/2,,XPS,BE,610.0,MGSCOF,Mg Kα,1.53999996185303
Pt,4p3/2,,XPS,BE,521.0,ALSCOF,Al Kα,73999977111816.0
Pt,4p3/2,,XPS,BE,521.0,MGSCOF,Mg Kα,4.44999980926514
Pt,4s,,XPS,BE,726.0,ALSCOF,Al Kα,1.89999997615814
Pt,4s,,XPS,BE,726.0,MGSCOF,Mg Kα,1.44000005722046
Pt,5p1/2,,XPS,BE,69.0,ALSCOF,Al Kα,0.444000005722046
Pt,5p1/2,,XPS,BE,69.0,MGSCOF,Mg Kα,0.340000003576279
Pt,5p3/2,,XPS,BE,54.0,ALSCOF,Al Kα,1.03999996185303
Pt,5p3/2,,XPS,BE,54.0,MGSCOF,Mg Kα,0.828999996185303
Pt,5s,,XPS,BE,105.0,ALSCOF,Al Kα,0.458999991416931
Pt,5s,,XPS,BE,105.0,MGSCOF,Mg Kα,0.36599999666214
Pu,4d3/2,,XPS,BE,850.0,ALSCOF,Al Kα,11.6000003814697
Pu,4d3/2,,XPS,BE,850.0,MGSCOF,Mg Kα,8.39000034332275
Pu,4d5/2,,XPS,BE,802.0,ALSCOF,Al Kα,17.8099994659424
Pu,4d5/2,,XPS,BE,802.0,MGSCOF,Mg Kα,13.2200002670288
Pu,4f5/2,,XPS,BE,439.0,ALSCOF,Al Kα,24.3600006103516
Pu,4f5/2,,XPS,BE,439.0,MGSCOF,Mg Kα,23.1399993896484
Pu,4f7/2,,XPS,BE,427.0,ALSCOF,Al Kα,31.0300006866455
Pu,4f7/2,,XPS,BE,427.0,MGSCOF,Mg Kα,29.6700000762939
Pu,4p3/2,,XPS,BE,1121.1119,ALSCOF,Al Kα,0.0
Pu,4p3/2,,XPS,BE,1121.1119,MGSCOF,Mg Kα,0.0
Pu,5d5/2,,XPS,BE,105.0,ALSCOF,Al Kα,3.75999999046326
Pu,5d5/2,,XPS,BE,105.0,MGSCOF,Mg Kα,2.98000001907349
Pu,5p3/2,,XPS,BE,216.0,ALSCOF,Al Kα,2.38000011444092
Pu,5p3/2,,XPS,BE,216.0,MGSCOF,Mg Kα,1.87999999523163
Pu,6p1/2,,XPS,BE,31.0,ALSCOF,Al Kα,0.130999997258186
Pu,6p1/2,,XPS,BE,31.0,MGSCOF,Mg Kα,0.0989999994635582
Pu,6p3/2,,XPS,BE,18.0,ALSCOF,Al Kα,0.379999995231628
Pu,6p3/2,,XPS,BE,18.0,MGSCOF,Mg Kα,0.303999990224838
Ra,4d3/2,,XPS,BE,636.0,ALSCOF,Al Kα,10.3999996185303
Ra,4d3/2,,XPS,BE,636.0,MGSCOF,Mg Kα,7.82000017166138
Ra,4d5/2,,XPS,BE,603.0,ALSCOF,Al Kα,15.5299997329712
Ra,4d5/2,,XPS,BE,603.0,MGSCOF,Mg Kα,11.9499998092651
Ra,4f,,XPS,BE,299.0,ALSCOF,Al Kα,37.0299987792969
Ra,4f,,XPS,BE,299.0,MGSCOF,Mg Kα,36.2799987792969
Ra,4p1/2,,XPS,BE,1058.1056,ALSCOF,Al Kα,0.0
Ra,4p1/2,,XPS,BE,1058.1056,MGSCOF,Mg Kα,0.0
Ra,4p3/2,,XPS,BE,879.0,ALSCOF,Al Kα,7.19999980926514
Ra,4p3/2,,XPS,BE,879.0,MGSCOF,Mg Kα,42000007629395.0
Ra,4s,,XPS,BE,1208.1206,ALSCOF,Al Kα,0.0
Ra,5d,,XPS,BE,68.0,ALSCOF,Al Kα,4.6100001335144
Ra,5d,,XPS,BE,68.0,MGSCOF,Mg Kα,3.69000005722046
Ra,5p1/2,,XPS,BE,200.0,ALSCOF,Al Kα,0.633000016212463
Ra,5p1/2,,XPS,BE,200.0,MGSCOF,Mg Kα,0.472000002861023
Ra,5p3/2,,XPS,BE,153.0,ALSCOF,Al Kα,1.86000001430511
Ra,5p3/2,,XPS,BE,153.0,MGSCOF,Mg Kα,1.48000001907349
Ra,5s,,XPS,BE,254.0,ALSCOF,Al Kα,0.665000021457672
Ra,5s,,XPS,BE,254.0,MGSCOF,Mg Kα,0.523000001907349
Rb,LM1,LMM,Auger,KE,1625.0,AUGQNT,Any,0.0099999997764825
Rb,LM2,LMM,Auger,KE,1565.0,AUGQNT,Any,0.0199999995529652
Rb,MN1,MNN,Auger,KE,76.0,AUGQNT,Any,0.0599999986588955
Rb,3d,,XPS,BE,110.5,ALSCOF,Al Kα,4.21000003814697
Rb,3d,,XPS,BE,110.5,ALWAGNER,Al Kα,1.23000001907349
Rb,3d,,XPS,BE,110.5,MGSCOF,Mg Kα,4.44000005722046
Rb,3d,,XPS,BE,110.5,MGWAGNER,Mg Kα,1.23000001907349
Rb,3d3/2,,XPS,BE,111.0,ALSCOF,Al Kα,1.72000002861023
Rb,3d3/2,,XPS,BE,111.0,MGSCOF,Mg Kα,1.80999994277954
Rb,3d5/2,,XPS,BE,110.0,ALSCOF,Al Kα,2.49000000953674
Rb,3d5/2,,XPS,BE,110.0,MGSCOF,Mg Kα,2.63000011444092
Rb,3p,,XPS,BE,242.5,ALSCOF,Al Kα,1.42999994754791
Rb,3p,,XPS,BE,242.5,ALWAGNER,Al Kα,1.42999994754791
Rb,3p,,XPS,BE,242.5,MGWAGNER,Mg Kα,1.16999995708466
Rb,3p1/2,,XPS,BE,247.0,ALSCOF,Al Kα,2.0699999332428
Rb,3p1/2,,XPS,BE,247.0,ALWAGNER,Al Kα,0.47299998998642
Rb,3p1/2,,XPS,BE,247.0,MGSCOF,Mg Kα,1.78999996185303
Rb,3p1/2,,XPS,BE,247.0,MGWAGNER,Mg Kα,0.386999994516373
Rb,3p3/2,,XPS,BE,238.0,ALSCOF,Al Kα,4.0
Rb,3p3/2,,XPS,BE,238.0,ALWAGNER,Al Kα,0.957000017166138
Rb,3p3/2,,XPS,BE,238.0,MGSCOF,Mg Kα,3.48000001907349
Rb,3p3/2,,XPS,BE,238.0,MGWAGNER,Mg Kα,0.782999992370605
Rb,3s,,XPS,BE,322.0,ALSCOF,Al Kα,1.0
Rb,3s,,XPS,BE,322.0,MGSCOF,Mg Kα,1.42999994754791
Rb,4p,,XPS,BE,14.0,ALSCOF,Al Kα,0.0
Rb,4p,,XPS,BE,14.0,MGSCOF,Mg Kα,0.547999978065491
Rb,4s,,XPS,BE,29.0,ALSCOF,Al Kα,0.250999987125397
Rb,4s,,XPS,BE,29.0,MGSCOF,Mg Kα,0.209000006318092
Re,MN1,MNN,Auger,KE,1858.0,AUGQNT,Any,0.0199999995529652
Re,MN2,MNN,Auger,KE,1799.0,AUGQNT,Any,0.0399999991059303
Re,MN3,MNN,Auger,KE,1624.0,AUGQNT,Any,0.0099999997764825
Re,MN4,MNN,Auger,KE,1418.0,AUGQNT,Any,0.0099999997764825
Re,NO1,NOO,Auger,KE,176.0,AUGQNT,Any,0.0500000007450581
Re,4d,,XPS,BE,270.0,ALSCOF,Al Kα,17.0100002288818
Re,4d,,XPS,BE,270.0,ALWAGNER,Al Kα,3.02500009536743
Re,4d,,XPS,BE,270.0,MGWAGNER,Mg Kα,2.47499990463257
Re,4d3/2,,XPS,BE,277.0,ALSCOF,Al Kα,6.94999980926514
Re,4d3/2,,XPS,BE,277.0,ALWAGNER,Al Kα,1.19900000095367
Re,4d3/2,,XPS,BE,277.0,MGSCOF,Mg Kα,67000007629395.0
Re,4d3/2,,XPS,BE,277.0,MGWAGNER,Mg Kα,0.981000006198883
Re,4d5/2,,XPS,BE,263.0,ALSCOF,Al Kα,10.0600004196167
Re,4d5/2,,XPS,BE,263.0,ALWAGNER,Al Kα,1.82599997520447
Re,4d5/2,,XPS,BE,263.0,MGSCOF,Mg Kα,8.3100004196167
Re,4d5/2,,XPS,BE,263.0,MGWAGNER,Mg Kα,1.49399995803833
Re,4f,,XPS,BE,44.0,ALSCOF,Al Kα,11.0799999237061
Re,4f,,XPS,BE,44.0,ALWAGNER,Al Kα,3.09999990463257
Re,4f,,XPS,BE,44.0,MGSCOF,Mg Kα,11.539999961853
Re,4f,,XPS,BE,44.0,MGWAGNER,Mg Kα,3.09999990463257
Re,4f5/2,,XPS,BE,45.0,ALSCOF,Al Kα,4.88000011444092
Re,4f5/2,,XPS,BE,45.0,MGSCOF,Mg Kα,7999992370605.0
Re,4f7/2,,XPS,BE,43.0,ALSCOF,Al Kα,6.19999980926514
Re,4f7/2,,XPS,BE,43.0,MGSCOF,Mg Kα,6.46000003814697
Re,4p1/2,,XPS,BE,521.0,ALSCOF,Al Kα,2.11999988555908
Re,4p1/2,,XPS,BE,521.0,MGSCOF,Mg Kα,1.50999999046326
Re,4p3/2,,XPS,BE,449.0,ALSCOF,Al Kα,30000019073486.0
Re,4p3/2,,XPS,BE,449.0,MGSCOF,Mg Kα,4.13000011444092
Re,4s,,XPS,BE,628.0,ALSCOF,Al Kα,1.8400000333786
Re,4s,,XPS,BE,628.0,MGSCOF,Mg Kα,1.4099999666214
Re,5p1/2,,XPS,BE,44.0,ALSCOF,Al Kα,0.386999994516373
Re,5p1/2,,XPS,BE,44.0,MGSCOF,Mg Kα,0.29899999499321
Re,5p3/2,,XPS,BE,33.0,ALSCOF,Al Kα,0.869000017642975
Re,5p3/2,,XPS,BE,33.0,MGSCOF,Mg Kα,0.697000026702881
Re,5s,,XPS,BE,81.0,ALSCOF,Al Kα,0.40200001001358
Re,5s,,XPS,BE,81.0,MGSCOF,Mg Kα,0.321999996900558
Rh,LM1,LMM,Auger,KE,2358.0,AUGQNT,Any,0.0299999993294477
Rh,LM1,LMM,Auger,KE,2358.5,10kvcrr4,Any,0.14300000667572
Rh,LM2,LMM,Auger,KE,2285.2269,10kvcrr4,Any,0.0
Rh,LM3,LMM,Auger,KE,2174.0,AUGQNT,Any,0.0099999997764825
Rh,LM3,LMM,Auger,KE,2174.2131,10kvcrr4,Any,0.0
Rh,LM4,LMM,Auger,KE,2143.2133,10kvcrr4,Any,0.0
Rh,LM4,LMM,Auger,KE,2146.0,AUGQNT,Any,0.0099999997764825
Rh,MN1,MNN,Auger,KE,302.0,ALSCOF,Al Kα,0.200000002980232
Rh,MN1,MNN,Auger,KE,302.0,AUGQNT,Any,0.200000002980232
Rh,MN1,MNN,Auger,KE,352.5,10kvcrr4,Any,0.0010000000474974
Rh,MN2,MNN,Auger,KE,255.0,ALSCOF,Al Kα,0.119999997317791
Rh,MN2,MNN,Auger,KE,255.0,AUGQNT,Any,0.119999997317791
Rh,MN2,MNN,Auger,KE,302.0,10kvcrr4,Any,0.187999993562698
Rh,MN3,MNN,Auger,KE,222.0,ALSCOF,Al Kα,0.0799999982118607
Rh,MN3,MNN,Auger,KE,222.0,AUGQNT,Any,0.0799999982118607
Rh,MN3,MNN,Auger,KE,269.5,10kvcrr4,Any,0.662000000476837
Rh,MN4,MNN,Auger,KE,204.0,ALSCOF,Al Kα,0.0399999991059303
Rh,MN4,MNN,Auger,KE,204.0,AUGQNT,Any,0.0399999991059303
Rh,MN4,MNN,Auger,KE,254.0,10kvcrr4,Any,0.0769999995827675
Rh,MN5,MNN,Auger,KE,166.0,ALSCOF,Al Kα,0.0399999991059303
Rh,MN5,MNN,Auger,KE,166.0,AUGQNT,Any,0.0399999991059303
Rh,MN5,MNN,Auger,KE,223.5,10kvcrr4,Any,0.0230000000447035
Rh,MN6,MNN,Auger,KE,135.0,ALSCOF,Al Kα,0.0199999995529652
Rh,MN6,MNN,Auger,KE,135.0,AUGQNT,Any,0.0199999995529652
Rh,3d,,XPS,BE,311.5,ALSCOF,Al Kα,14.1899995803833
Rh,3d,,XPS,BE,311.5,ALWAGNER,Al Kα,4.09999990463257
Rh,3d,,XPS,BE,311.5,MGSCOF,Mg Kα,14.3199996948242
Rh,3d,,XPS,BE,311.5,MGWAGNER,Mg Kα,4.09999990463257
Rh,3d3/2,,XPS,BE,314.0,ALSCOF,Al Kα,80000019073486.0
Rh,3d3/2,,XPS,BE,314.0,ALWAGNER,Al Kα,1.70000004768372
Rh,3d3/2,,XPS,BE,314.0,MGSCOF,Mg Kα,84000015258789.0
Rh,3d3/2,,XPS,BE,314.0,MGWAGNER,Mg Kα,1.70000004768372
Rh,3d5/2,,XPS,BE,309.0,ALSCOF,Al Kα,8.39000034332275
Rh,3d5/2,,XPS,BE,309.0,ALWAGNER,Al Kα,2.40000009536743
Rh,3d5/2,,XPS,BE,309.0,MGSCOF,Mg Kα,8.47999954223633
Rh,3d5/2,,XPS,BE,309.0,MGWAGNER,Mg Kα,2.40000009536743
Rh,3p1/2,,XPS,BE,522.0,ALSCOF,Al Kα,3.64000010490417
Rh,3p1/2,,XPS,BE,522.0,MGSCOF,Mg Kα,2.98000001907349
Rh,3p3/2,,XPS,BE,498.0,ALSCOF,Al Kα,7.21000003814697
Rh,3p3/2,,XPS,BE,498.0,ALWAGNER,Al Kα,1.51800000667572
Rh,3p3/2,,XPS,BE,498.0,MGSCOF,Mg Kα,6.0
Rh,3p3/2,,XPS,BE,498.0,MGWAGNER,Mg Kα,1.24199998378754
Rh,3s,,XPS,BE,629.0,ALSCOF,Al Kα,2.70000004768372
Rh,3s,,XPS,BE,629.0,MGSCOF,Mg Kα,2.15000009536743
Rh,4p,,XPS,BE,49.0,ALSCOF,Al Kα,1.74500000476837
Rh,4p,,XPS,BE,49.0,MGSCOF,Mg Kα,1.48199999332428
Rh,4s,,XPS,BE,83.0,ALSCOF,Al Kα,0.560000002384186
Rh,4s,,XPS,BE,83.0,MGSCOF,Mg Kα,0.462999999523163
Rn,4d3/2,,XPS,BE,567.0,ALSCOF,Al Kα,9.89999961853027
Rn,4d3/2,,XPS,BE,567.0,MGSCOF,Mg Kα,7.55999994277954
Rn,4d5/2,,XPS,BE,541.0,ALSCOF,Al Kα,14.6999998092651
Rn,4d5/2,,XPS,BE,541.0,MGSCOF,Mg Kα,11.460000038147
Rn,4f,,XPS,BE,238.0,ALSCOF,Al Kα,31.8099994659424
Rn,4f,,XPS,BE,238.0,MGSCOF,Mg Kα,31.4300003051758
Rn,4p1/2,,XPS,BE,929.0,ALSCOF,Al Kα,2.0
Rn,4p1/2,,XPS,BE,929.0,MGSCOF,Mg Kα,1.3400000333786
Rn,4p3/2,,XPS,BE,768.0,ALSCOF,Al Kα,6.92000007629395
Rn,4p3/2,,XPS,BE,768.0,MGSCOF,Mg Kα,23999977111816.0
Rn,4s,,XPS,BE,1097.1095,ALSCOF,Al Kα,0.0
Rn,4s,,XPS,BE,1097.1095,MGSCOF,Mg Kα,0.0
Rn,5d,,XPS,BE,48.0,ALSCOF,Al Kα,3.95000004768372
Rn,5d,,XPS,BE,48.0,MGSCOF,Mg Kα,3.17000007629395
Rn,5p1/2,,XPS,BE,164.0,ALSCOF,Al Kα,0.601999998092651
Rn,5p1/2,,XPS,BE,164.0,MGSCOF,Mg Kα,0.45100000500679
Rn,5p3/2,,XPS,BE,127.0,ALSCOF,Al Kα,1.66999995708466
Rn,5p3/2,,XPS,BE,127.0,MGSCOF,Mg Kα,1.33000004291534
Rn,5s,,XPS,BE,214.0,ALSCOF,Al Kα,0.0
Rn,5s,,XPS,BE,214.0,MGSCOF,Mg Kα,0.493000000715256
Ru,MN1,MNN,Auger,KE,274.0,ALSCOF,Al Kα,1.1599999666214
Ru,MN1,MNN,Auger,KE,274.0,AUGQNT,Any,1.1599999666214
Ru,MN2,MNN,Auger,KE,231.0,ALSCOF,Al Kα,0.439999997615814
Ru,MN2,MNN,Auger,KE,231.0,AUGQNT,Any,0.439999997615814
Ru,MN3,MNN,Auger,KE,200.0,ALSCOF,Al Kα,0.209999993443489
Ru,MN3,MNN,Auger,KE,200.0,AUGQNT,Any,0.209999993443489
Ru,3d,,XPS,BE,284.0,ALSCOF,Al Kα,12.4899997711182
Ru,3d,,XPS,BE,284.0,ALWAGNER,Al Kα,3.59999990463257
Ru,3d,,XPS,BE,284.0,MGSCOF,Mg Kα,12.6800003051758
Ru,3d,,XPS,BE,284.0,MGWAGNER,Mg Kα,3.59999990463257
Ru,3d3/2,,XPS,BE,286.0,ALSCOF,Al Kα,9999990463257.0
Ru,3d3/2,,XPS,BE,286.0,ALWAGNER,Al Kα,1.45000004768372
Ru,3d3/2,,XPS,BE,286.0,MGSCOF,Mg Kα,17000007629395.0
Ru,3d3/2,,XPS,BE,286.0,MGWAGNER,Mg Kα,1.45000004768372
Ru,3d5/2,,XPS,BE,282.0,ALSCOF,Al Kα,7.3899998664856
Ru,3d5/2,,XPS,BE,282.0,ALWAGNER,Al Kα,2.15000009536743
Ru,3d5/2,,XPS,BE,282.0,MGSCOF,Mg Kα,7.51000022888184
Ru,3d5/2,,XPS,BE,282.0,MGWAGNER,Mg Kα,2.15000009536743
Ru,3p1/2,,XPS,BE,485.0,ALSCOF,Al Kα,3.44000005722046
Ru,3p1/2,,XPS,BE,485.0,MGSCOF,Mg Kα,2.83999991416931
Ru,3p3/2,,XPS,BE,463.0,ALSCOF,Al Kα,6.78000020980835
Ru,3p3/2,,XPS,BE,463.0,ALWAGNER,Al Kα,1.42999994754791
Ru,3p3/2,,XPS,BE,463.0,MGSCOF,Mg Kα,67999982833862.0
Ru,3p3/2,,XPS,BE,463.0,MGWAGNER,Mg Kα,1.16999995708466
Ru,3s,,XPS,BE,587.0,ALSCOF,Al Kα,2.5699999332428
Ru,3s,,XPS,BE,587.0,MGSCOF,Mg Kα,2.0699999332428
Ru,4p,,XPS,BE,45.0,ALSCOF,Al Kα,1.59399998188019
Ru,4p,,XPS,BE,45.0,MGSCOF,Mg Kα,1.35599994659424
Ru,4s,,XPS,BE,77.0,ALSCOF,Al Kα,0.518999993801117
Ru,4s,,XPS,BE,77.0,MGSCOF,Mg Kα,0.428999990224838
S,KL1,KLL,Auger,KE,2117.0,AUGQNT,Any,0.0099999997764825
S,KL2,KLL,Auger,KE,2043.0,AUGQNT,Any,0.0010000000474974
S,LM1,LMM,Auger,KE,152.0,ALSCOF,Al Kα,0.419999986886978
S,LM1,LMM,Auger,KE,152.0,AUGQNT,Any,0.419999986886978
S,LM2,LMM,Auger,KE,132.0,AUGQNT,Any,0.119999997317791
S,2p,,XPS,BE,165.5,ALSCOF,Al Kα,1.66999995708466
S,2p,,XPS,BE,165.5,ALWAGNER,Al Kα,0.540000021457672
S,2p,,XPS,BE,165.5,MGWAGNER,Mg Kα,0.540000021457672
S,2p1/2,,XPS,BE,165.5,ALSCOF,Al Kα,0.566999971866608
S,2p3/2,,XPS,BE,165.5,ALSCOF,Al Kα,1.11000001430511
S,2s,,XPS,BE,229.0,ALSCOF,Al Kα,1.42999994754791
S,2s,,XPS,BE,229.0,ALWAGNER,Al Kα,0.363000005483627
S,2s,,XPS,BE,229.0,MGWAGNER,Mg Kα,0.296999990940094
Sb,MN1,MNN,Auger,KE,337.0,10kvcrr4,Any,0.0270000007003546
Sb,MN1,MNN,Auger,KE,481.0,ALSCOF,Al Kα,0.349999994039536
Sb,MN1,MNN,Auger,KE,481.0,AUGQNT,Any,0.349999994039536
Sb,MN2,MNN,Auger,KE,458.0,ALSCOF,Al Kα,0.419999986886978
Sb,MN2,MNN,Auger,KE,458.0,AUGQNT,Any,0.419999986886978
Sb,MN2,MNN,Auger,KE,491.5,10kvcrr4,Any,0.0410000011324883
Sb,MN3,MNN,Auger,KE,449.0,ALSCOF,Al Kα,0.569999992847443
Sb,MN3,MNN,Auger,KE,449.0,AUGQNT,Any,0.569999992847443
Sb,MN3,MNN,Auger,KE,483.0,10kvcrr4,Any,0.003000000026077
Sb,MN4,MNN,Auger,KE,435.0,ALSCOF,Al Kα,0.370000004768372
Sb,MN4,MNN,Auger,KE,435.0,AUGQNT,Any,0.370000004768372
Sb,MN4,MNN,Auger,KE,465.0,10kvcrr4,Any,0.103000000119209
Sb,MN5,MNN,Auger,KE,456.0,10kvcrr4,Any,0.552999973297119
Sb,MN6,MNN,Auger,KE,449.0,10kvcrr4,Any,0.0
Sb,MN7,MNN,Auger,KE,440.0,10kvcrr4,Any,0.025000000372529
Sb,MN8,MNN,Auger,KE,379.5,10kvcrr4,Any,0.305999994277954
Sb,MN9,MNN,Auger,KE,344.0,10kvcrr4,Any,0.0020000000949949
Sb,NO1,NOO,Auger,KE,54.5,10kvcrr4,Any,0.155000001192093
Sb,3d,,XPS,BE,534.5,ALSCOF,Al Kα,27.7399997711182
Sb,3d,,XPS,BE,534.5,MGSCOF,Mg Kα,27.2600002288818
Sb,3d3/2,,XPS,BE,539.0,ALSCOF,Al Kα,11.3500003814697
Sb,3d3/2,,XPS,BE,539.0,MGSCOF,Mg Kα,11.1300001144409
Sb,3d5/2,,XPS,BE,530.0,ALSCOF,Al Kα,16.3899993896484
Sb,3d5/2,,XPS,BE,530.0,ALWAGNER,Al Kα,4.80000019073486
Sb,3d5/2,,XPS,BE,530.0,MGSCOF,Mg Kα,16.1299991607666
Sb,3d5/2,,XPS,BE,530.0,MGWAGNER,Mg Kα,4.80000019073486
Sb,3p1/2,,XPS,BE,814.0,ALSCOF,Al Kα,4.76000022888184
Sb,3p1/2,,XPS,BE,814.0,MGSCOF,Mg Kα,3.71000003814697
Sb,3p3/2,,XPS,BE,768.0,ALSCOF,Al Kα,9.77000045776367
Sb,3p3/2,,XPS,BE,768.0,MGSCOF,Mg Kα,7.8600001335144
Sb,3s,,XPS,BE,946.0,ALSCOF,Al Kα,3.35999989509583
Sb,3s,,XPS,BE,946.0,MGSCOF,Mg Kα,2.59999990463257
Sb,4d,,XPS,BE,34.5,ALSCOF,Al Kα,3.14000010490417
Sb,4d,,XPS,BE,34.5,ALWAGNER,Al Kα,1.10000002384186
Sb,4d,,XPS,BE,34.5,MGSCOF,Mg Kα,2.98000001907349
Sb,4d,,XPS,BE,34.5,MGWAGNER,Mg Kα,0.899999976158142
Sb,4d3/2,,XPS,BE,35.0,ALSCOF,Al Kα,1.28999996185303
Sb,4d3/2,,XPS,BE,35.0,MGSCOF,Mg Kα,1.22000002861023
Sb,4d5/2,,XPS,BE,34.0,ALSCOF,Al Kα,1.85000002384186
Sb,4d5/2,,XPS,BE,34.0,MGSCOF,Mg Kα,1.75999999046326
Sb,4p,,XPS,BE,105.0,ALSCOF,Al Kα,2.87800002098083
Sb,4p,,XPS,BE,105.0,MGSCOF,Mg Kα,2.3989999294281
Sb,4s,,XPS,BE,155.0,ALSCOF,Al Kα,0.84799998998642
Sb,4s,,XPS,BE,155.0,MGSCOF,Mg Kα,0.695999979972839
Sc,LM1,LMM,Auger,KE,367.0,ALSCOF,Al Kα,0.270000010728836
Sc,LM1,LMM,Auger,KE,367.0,AUGQNT,Any,0.270000010728836
Sc,LM1,LMM,Auger,KE,398.0,10kvcrr4,Any,0.0099999997764825
Sc,LM2,LMM,Auger,KE,334.0,ALSCOF,Al Kα,0.319999992847443
Sc,LM2,LMM,Auger,KE,334.0,AUGQNT,Any,0.319999992847443
Sc,LM2,LMM,Auger,KE,369.0,10kvcrr4,Any,0.100000001490116
Sc,LM3,LMM,Auger,KE,293.0,ALSCOF,Al Kα,0.200000002980232
Sc,LM3,LMM,Auger,KE,293.0,AUGQNT,Any,0.200000002980232
Sc,LM3,LMM,Auger,KE,338.0,10kvcrr4,Any,0.565999984741211
Sc,LM4,LMM,Auger,KE,320.5,10kvcrr4,Any,0.006000000052154
Sc,LM5,LMM,Auger,KE,312.5,10kvcrr4,Any,0.0049999998882412
Sc,LM6,LMM,Auger,KE,294.0,10kvcrr4,Any,0.006000000052154
Sc,MN1,MNN,Auger,KE,38.5,10kvcrr4,Any,0.0209999997168779
Sc,2p,,XPS,BE,404.5,ALSCOF,Al Kα,6.38000011444092
Sc,2p,,XPS,BE,404.5,ALWAGNER,Al Kα,1.64999997615814
Sc,2p,,XPS,BE,404.5,MGSCOF,Mg Kα,6.42000007629395
Sc,2p,,XPS,BE,404.5,MGWAGNER,Mg Kα,1.64999997615814
Sc,2p1/2,,XPS,BE,407.0,ALSCOF,Al Kα,2.17000007629395
Sc,2p1/2,,XPS,BE,407.0,ALWAGNER,Al Kα,0.550000011920929
Sc,2p1/2,,XPS,BE,407.0,MGSCOF,Mg Kα,2.1800000667572
Sc,2p1/2,,XPS,BE,407.0,MGWAGNER,Mg Kα,0.550000011920929
Sc,2p3/2,,XPS,BE,402.0,ALSCOF,Al Kα,4.21000003814697
Sc,2p3/2,,XPS,BE,402.0,ALWAGNER,Al Kα,1.10000002384186
Sc,2p3/2,,XPS,BE,402.0,MGSCOF,Mg Kα,4.23999977111816
Sc,2p3/2,,XPS,BE,402.0,MGWAGNER,Mg Kα,1.10000002384186
Sc,2s,,XPS,BE,501.0,ALSCOF,Al Kα,2.91000008583069
Sc,2s,,XPS,BE,501.0,ALWAGNER,Al Kα,0.550000011920929
Sc,2s,,XPS,BE,501.0,MGSCOF,Mg Kα,2.46000003814697
Sc,2s,,XPS,BE,501.0,MGWAGNER,Mg Kα,0.449999988079071
Sc,3p,,XPS,BE,31.0,ALSCOF,Al Kα,0.649999976158142
Sc,3p,,XPS,BE,31.0,MGSCOF,Mg Kα,0.635999977588654
Sc,3s,,XPS,BE,53.0,ALSCOF,Al Kα,0.41100001335144
Sc,3s,,XPS,BE,53.0,MGSCOF,Mg Kα,0.356000006198883
Se,LM1,LMM,Auger,KE,1348.0,ALSCOF,Al Kα,0.0500000007450581
Se,LM1,LMM,Auger,KE,1348.0,AUGQNT,Any,0.0500000007450581
Se,LM2,LMM,Auger,KE,1307.0,ALSCOF,Al Kα,0.100000001490116
Se,LM2,LMM,Auger,KE,1307.0,AUGQNT,Any,0.100000001490116
Se,3d,,XPS,BE,57.5,ALSCOF,Al Kα,2.29399991035461
Se,3d,,XPS,BE,57.5,ALWAGNER,Al Kα,0.670000016689301
Se,3d,,XPS,BE,57.5,MGSCOF,Mg Kα,2.46000003814697
Se,3d,,XPS,BE,57.5,MGWAGNER,Mg Kα,0.670000016689301
Se,3d3/2,,XPS,BE,58.0,ALSCOF,Al Kα,0.934000015258789
Se,3d3/2,,XPS,BE,58.0,MGSCOF,Mg Kα,1.0
Se,3d5/2,,XPS,BE,57.0,ALSCOF,Al Kα,1.36000001430511
Se,3d5/2,,XPS,BE,57.0,MGSCOF,Mg Kα,1.46000003814697
Se,3p,,XPS,BE,166.0,ALSCOF,Al Kα,4.53000020980835
Se,3p,,XPS,BE,166.0,ALWAGNER,Al Kα,1.15499997138977
Se,3p,,XPS,BE,166.0,MGSCOF,Mg Kα,4.01999998092651
Se,3p,,XPS,BE,166.0,MGWAGNER,Mg Kα,0.944999992847443
Se,3p1/2,,XPS,BE,169.0,ALSCOF,Al Kα,1.54999995231628
Se,3p1/2,,XPS,BE,169.0,MGSCOF,Mg Kα,1.37000000476837
Se,3p3/2,,XPS,BE,163.0,ALSCOF,Al Kα,2.98000001907349
Se,3p3/2,,XPS,BE,163.0,MGSCOF,Mg Kα,2.65000009536743
Se,3s,,XPS,BE,232.0,ALSCOF,Al Kα,1.42999994754791
Se,3s,,XPS,BE,232.0,MGSCOF,Mg Kα,1.17999994754791
Si,KL1,KLL,Auger,KE,1616.0,AUGQNT,Any,0.159999996423721
Si,KL1,KLL,Auger,KE,1617.5,10kvcrr4,Any,0.123000003397465
Si,KL2,KLL,Auger,KE,1600.0,AUGQNT,Any,0.109999999403954
Si,KL2,KLL,Auger,KE,1601.1592,10kvcrr4,Any,0.0
Si,KL3,KLL,Auger,KE,1578.0,AUGQNT,Any,0.0700000002980232
Si,KL3,KLL,Auger,KE,1578.5,10kvcrr4,Any,0.0199999995529652
Si,KL4,KLL,Auger,KE,1558.5,10kvcrr4,Any,0.0359999984502792
Si,KL4,KLL,Auger,KE,1559.0,AUGQNT,Any,0.0799999982118607
Si,KL5,KLL,Auger,KE,1540.1532,10kvcrr4,Any,0.0
Si,KL5,KLL,Auger,KE,1542.0,AUGQNT,Any,0.0500000007450581
Si,KLL,KLL,Auger,KE,1618.09997558594,10kvcrr4,Any,0.760999977588654
Si,LM1,LMM,Auger,KE,93.0,AUGQNT,Any,0.560000002384186
Si,LM1,LMM,Auger,KE,106.5,10kvcrr4,Any,0.0040000001899898
Si,LM2,LMM,Auger,KE,77.0,AUGQNT,Any,0.0
Si,LM2,LMM,Auger,KE,93.1999969482422,10kvcrr4,Any,0.273000001907349
Si,2p,,XPS,BE,102.5,ALSCOF,Al Kα,0.816999971866608
Si,2p,,XPS,BE,102.5,ALWAGNER,Al Kα,0.270000010728836
Si,2p,,XPS,BE,102.5,MGSCOF,Mg Kα,0.865000009536743
Si,2p,,XPS,BE,102.5,MGWAGNER,Mg Kα,0.270000010728836
Si,2p1/2,,XPS,BE,103.0,ALSCOF,Al Kα,0.275999993085861
Si,2p1/2,,XPS,BE,103.0,MGSCOF,Mg Kα,0.291999995708466
Si,2p3/2,,XPS,BE,102.0,ALSCOF,Al Kα,0.541000008583069
Si,2p3/2,,XPS,BE,102.0,MGSCOF,Mg Kα,0.573000013828278
Si,2s,,XPS,BE,153.0,ALSCOF,Al Kα,0.954999983310699
Si,2s,,XPS,BE,153.0,ALWAGNER,Al Kα,0.28600001335144
Si,2s,,XPS,BE,153.0,MGSCOF,Mg Kα,0.855000019073486
Si,2s,,XPS,BE,153.0,MGWAGNER,Mg Kα,0.233999997377396
Sm,3d,,XPS,BE,1096.5,ALSCOF,Al Kα,68.3300018310547
Sm,3d,,XPS,BE,1096.5,ALWAGNER,Al Kα,5.0
Sm,3d,,XPS,BE,1096.5,MGWAGNER,Mg Kα,5.0
Sm,3d3/2,,XPS,BE,1110.1108,ALSCOF,Al Kα,0.3495124736
Sm,3d3/2,,XPS,BE,1110.1108,MGSCOF,Mg Kα,0.55338791337984
Sm,3d5/2,,XPS,BE,1083.1081,ALSCOF,Al Kα,0.0
Sm,3d5/2,,XPS,BE,1083.1081,MGSCOF,Mg Kα,0.0
Sm,4d,,XPS,BE,132.0,ALSCOF,Al Kα,9.15999984741211
Sm,4d,,XPS,BE,132.0,ALWAGNER,Al Kα,2.20000004768372
Sm,4d,,XPS,BE,132.0,MGSCOF,Mg Kα,8.14999961853027
Sm,4d,,XPS,BE,132.0,MGWAGNER,Mg Kα,1.79999995231628
Sm,4p1/2,,XPS,BE,283.0,ALSCOF,Al Kα,1.70000004768372
Sm,4p1/2,,XPS,BE,283.0,MGSCOF,Mg Kα,1.3400000333786
Sm,4p3/2,,XPS,BE,250.0,ALSCOF,Al Kα,3.58999991416931
Sm,4p3/2,,XPS,BE,250.0,MGSCOF,Mg Kα,2.91000008583069
Sm,4s,,XPS,BE,349.0,ALSCOF,Al Kα,1.41999995708466
Sm,4s,,XPS,BE,349.0,MGSCOF,Mg Kα,1.13999998569489
Sm,5p,,XPS,BE,20.0,ALSCOF,Al Kα,0.0
Sm,5p,,XPS,BE,20.0,MGSCOF,Mg Kα,0.612999975681305
Sm,5s,,XPS,BE,41.0,ALSCOF,Al Kα,0.261000007390976
Sm,5s,,XPS,BE,41.0,MGSCOF,Mg Kα,0.212999999523163
Sn,MN1,MNN,Auger,KE,317.5,10kvcrr4,Any,0.0140000004321337
Sn,MN1,MNN,Auger,KE,429.0,ALSCOF,Al Kα,1.0
Sn,MN1,MNN,Auger,KE,429.0,AUGQNT,Any,1.0
Sn,MN2,MNN,Auger,KE,437.0,ALSCOF,Al Kα,0.899999976158142
Sn,MN2,MNN,Auger,KE,437.0,AUGQNT,Any,0.899999976158142
Sn,MN2,MNN,Auger,KE,459.0,10kvcrr4,Any,0.0089999996125698
Sn,MN3,MNN,Auger,KE,416.0,ALSCOF,Al Kα,0.200000002980232
Sn,MN3,MNN,Auger,KE,416.0,AUGQNT,Any,0.200000002980232
Sn,MN3,MNN,Auger,KE,450.0,10kvcrr4,Any,0.0040000001899898
Sn,MN4,MNN,Auger,KE,438.0,10kvcrr4,Any,0.0989999994635582
Sn,MN5,MNN,Auger,KE,430.0,10kvcrr4,Any,0.189999997615814
Sn,MN6,MNN,Auger,KE,423.5,10kvcrr4,Any,0.003000000026077
Sn,MN7,MNN,Auger,KE,415.5,10kvcrr4,Any,0.0270000007003546
Sn,MN8,MNN,Auger,KE,403.0,10kvcrr4,Any,0.0049999998882412
Sn,MN9,MNN,Auger,KE,358.0,10kvcrr4,Any,0.363999992609024
Sn,NO1,NOO,Auger,KE,54.5,10kvcrr4,Any,0.196999996900558
Sn,3d,,XPS,BE,490.0,ALSCOF,Al Kα,25.0499992370605
Sn,3d,,XPS,BE,490.0,MGSCOF,Mg Kα,24.7199993133545
Sn,3d3/2,,XPS,BE,494.0,ALSCOF,Al Kα,10.0
Sn,3d3/2,,XPS,BE,494.0,MGSCOF,Mg Kα,10.0900001525879
Sn,3d5/2,,XPS,BE,486.0,ALSCOF,Al Kα,14.8000001907349
Sn,3d5/2,,XPS,BE,486.0,ALWAGNER,Al Kα,4.30000019073486
Sn,3d5/2,,XPS,BE,486.0,MGSCOF,Mg Kα,14.6300001144409
Sn,3d5/2,,XPS,BE,486.0,MGWAGNER,Mg Kα,4.30000019073486
Sn,3p1/2,,XPS,BE,757.0,ALSCOF,Al Kα,4.57999992370605
Sn,3p1/2,,XPS,BE,757.0,MGSCOF,Mg Kα,3.61999988555908
Sn,3p3/2,,XPS,BE,715.0,ALSCOF,Al Kα,9.35000038146973
Sn,3p3/2,,XPS,BE,715.0,ALWAGNER,Al Kα,1.94700002670288
Sn,3p3/2,,XPS,BE,715.0,MGSCOF,Mg Kα,7.57999992370605
Sn,3p3/2,,XPS,BE,715.0,MGWAGNER,Mg Kα,1.59300005435944
Sn,3s,,XPS,BE,884.0,ALSCOF,Al Kα,3.25999999046326
Sn,3s,,XPS,BE,884.0,MGSCOF,Mg Kα,2.53999996185303
Sn,4d,,XPS,BE,25.5,ALSCOF,Al Kα,2.70000004768372
Sn,4d,,XPS,BE,25.5,MGSCOF,Mg Kα,2.55999994277954
Sn,4d3/2,,XPS,BE,26.0,ALSCOF,Al Kα,1.11000001430511
Sn,4d3/2,,XPS,BE,26.0,MGSCOF,Mg Kα,1.04999995231628
Sn,4d5/2,,XPS,BE,25.0,ALSCOF,Al Kα,1.5900000333786
Sn,4d5/2,,XPS,BE,25.0,MGSCOF,Mg Kα,1.50999999046326
Sn,4p,,XPS,BE,91.0,ALSCOF,Al Kα,2.66700005531311
Sn,4p,,XPS,BE,91.0,MGSCOF,Mg Kα,2.22300004959106
Sn,4s,,XPS,BE,137.0,ALSCOF,Al Kα,0.794000029563904
Sn,4s,,XPS,BE,137.0,MGSCOF,Mg Kα,0.652999997138977
Sr,LM1,LMM,Auger,KE,1639.0,AUGQNT,Any,0.0299999993294477
Sr,MN1,MNN,Auger,KE,103.0,ALSCOF,Al Kα,0.0599999986588955
Sr,MN1,MNN,Auger,KE,103.0,AUGQNT,Any,0.0599999986588955
Sr,MN2,MNN,Auger,KE,76.0,ALSCOF,Al Kα,0.0299999993294477
Sr,MN2,MNN,Auger,KE,76.0,AUGQNT,Any,0.0299999993294477
Sr,3d,,XPS,BE,134.0,ALSCOF,Al Kα,5000019073486.0
Sr,3d,,XPS,BE,134.0,ALWAGNER,Al Kα,1.48000001907349
Sr,3d,,XPS,BE,134.0,MGSCOF,Mg Kα,28999996185303.0
Sr,3d,,XPS,BE,134.0,MGWAGNER,Mg Kα,1.48000001907349
Sr,3d3/2,,XPS,BE,135.0,ALSCOF,Al Kα,2.05999994277954
Sr,3d3/2,,XPS,BE,135.0,MGSCOF,Mg Kα,2.15000009536743
Sr,3d5/2,,XPS,BE,133.0,ALSCOF,Al Kα,2.99000000953674
Sr,3d5/2,,XPS,BE,133.0,MGSCOF,Mg Kα,3.14000010490417
Sr,3p,,XPS,BE,274.5,ALSCOF,Al Kα,1.51800000667572
Sr,3p,,XPS,BE,274.5,ALWAGNER,Al Kα,1.51800000667572
Sr,3p,,XPS,BE,274.5,MGWAGNER,Mg Kα,1.24199998378754
Sr,3p1/2,,XPS,BE,280.0,ALSCOF,Al Kα,2.0
Sr,3p1/2,,XPS,BE,280.0,ALWAGNER,Al Kα,0.505999982357025
Sr,3p1/2,,XPS,BE,280.0,MGSCOF,Mg Kα,1.92999994754791
Sr,3p1/2,,XPS,BE,280.0,MGWAGNER,Mg Kα,0.414000004529953
Sr,3p3/2,,XPS,BE,269.0,ALSCOF,Al Kα,4.36999988555908
Sr,3p3/2,,XPS,BE,269.0,ALWAGNER,Al Kα,1.01199996471405
Sr,3p3/2,,XPS,BE,269.0,MGSCOF,Mg Kα,3.77999997138977
Sr,3p3/2,,XPS,BE,269.0,MGWAGNER,Mg Kα,0.828000009059906
Sr,3s,,XPS,BE,358.0,ALSCOF,Al Kα,1.86000001430511
Sr,3s,,XPS,BE,358.0,MGSCOF,Mg Kα,1.51999998092651
Sr,4p,,XPS,BE,20.0,ALSCOF,Al Kα,0.774999976158142
Sr,4p,,XPS,BE,20.0,MGSCOF,Mg Kα,0.675000011920929
Sr,4s,,XPS,BE,37.0,ALSCOF,Al Kα,0.291000008583069
Sr,4s,,XPS,BE,37.0,MGSCOF,Mg Kα,0.241999998688698
Ta,MN1,MNN,Auger,KE,1085.1058,10kvcrr4,Any,0.0
Ta,MN1,MNN,Auger,KE,1732.0,AUGQNT,Any,0.109999999403954
Ta,MN2,MNN,Auger,KE,1713.0,AUGQNT,Any,0.0500000007450581
Ta,MN2,MNN,Auger,KE,1714.1702,10kvcrr4,Any,0.0130000002682209
Ta,MN3,MNN,Auger,KE,1674.0,AUGQNT,Any,0.259999990463257
Ta,MN3,MNN,Auger,KE,1676.1638,10kvcrr4,Any,0.0
Ta,MN4,MNN,Auger,KE,1515.5,10kvcrr4,Any,0.0
Ta,MN4,MNN,Auger,KE,1657.0,AUGQNT,Any,0.119999997317791
Ta,MN5,MNN,Auger,KE,1457.5,10kvcrr4,Any,0.38400000333786
Ta,MN5,MNN,Auger,KE,1511.0,AUGQNT,Any,0.0500000007450581
Ta,MN6,MNN,Auger,KE,1313.5,10kvcrr4,Any,0.0520000010728836
Ta,MN6,MNN,Auger,KE,1469.0,AUGQNT,Any,0.100000001490116
Ta,MN7,MNN,Auger,KE,1455.0,AUGQNT,Any,0.100000001490116
Ta,MN8,MNN,Auger,KE,1290.1283,10kvcrr4,Any,0.0
Ta,MN8,MNN,Auger,KE,1307.0,AUGQNT,Any,0.0199999995529652
Ta,MN9,MNN,Auger,KE,1255.5,10kvcrr4,Any,0.118000000715256
Ta,MN9,MNN,Auger,KE,1256.0,AUGQNT,Any,0.0599999986588955
Ta,NO1,NOO,Auger,KE,173.0,ALSCOF,Al Kα,0.0299999993294477
Ta,NO1,NOO,Auger,KE,173.0,AUGQNT,Any,0.0299999993294477
Ta,NO1,NOO,Auger,KE,342.0,10kvcrr4,Any,0.0450000017881393
Ta,NO2,NOO,Auger,KE,216.0,10kvcrr4,Any,0.0130000002682209
Ta,NO3,NOO,Auger,KE,202.0,10kvcrr4,Any,0.0099999997764825
Ta,NO4,NOO,Auger,KE,180.5,10kvcrr4,Any,0.0230000000447035
Ta,NO5,NOO,Auger,KE,174.0,10kvcrr4,Any,0.0020000000949949
Ta,NO6,NOO,Auger,KE,169.0,10kvcrr4,Any,0.537000000476837
Ta,NO7,NOO,Auger,KE,159.0,10kvcrr4,Any,0.003000000026077
Ta,NO8,NOO,Auger,KE,48.0,10kvcrr4,Any,0.0099999997764825
Ta,4d,,XPS,BE,235.0,ALSCOF,Al Kα,15.6400003433228
Ta,4d,,XPS,BE,235.0,ALWAGNER,Al Kα,2.0
Ta,4d,,XPS,BE,235.0,MGWAGNER,Mg Kα,2.0
Ta,4d3/2,,XPS,BE,241.0,ALSCOF,Al Kα,6.40000009536743
Ta,4d3/2,,XPS,BE,241.0,ALWAGNER,Al Kα,1.10000002384186
Ta,4d3/2,,XPS,BE,241.0,MGSCOF,Mg Kα,28999996185303.0
Ta,4d3/2,,XPS,BE,241.0,MGWAGNER,Mg Kα,0.899999976158142
Ta,4d5/2,,XPS,BE,229.0,ALSCOF,Al Kα,9.23999977111816
Ta,4d5/2,,XPS,BE,229.0,ALWAGNER,Al Kα,1.64999997615814
Ta,4d5/2,,XPS,BE,229.0,MGSCOF,Mg Kα,7.71000003814697
Ta,4d5/2,,XPS,BE,229.0,MGWAGNER,Mg Kα,1.35000002384186
Ta,4f,,XPS,BE,26.0,ALSCOF,Al Kα,8.61999988555908
Ta,4f,,XPS,BE,26.0,ALWAGNER,Al Kα,2.40000009536743
Ta,4f,,XPS,BE,26.0,MGSCOF,Mg Kα,9.06999969482422
Ta,4f,,XPS,BE,26.0,MGWAGNER,Mg Kα,2.40000009536743
Ta,4f5/2,,XPS,BE,27.0,ALSCOF,Al Kα,3.79999995231628
Ta,4f5/2,,XPS,BE,27.0,MGSCOF,Mg Kα,3.99000000953674
Ta,4f7/2,,XPS,BE,25.0,ALSCOF,Al Kα,4.82000017166138
Ta,4f7/2,,XPS,BE,25.0,MGSCOF,Mg Kα,7999992370605.0
Ta,4p1/2,,XPS,BE,464.0,ALSCOF,Al Kα,2.07999992370605
Ta,4p1/2,,XPS,BE,464.0,MGSCOF,Mg Kα,1.53999996185303
Ta,4p3/2,,XPS,BE,403.0,ALSCOF,Al Kα,1999998092651.0
Ta,4p3/2,,XPS,BE,403.0,MGSCOF,Mg Kα,3.9300000667572
Ta,4s,,XPS,BE,566.0,ALSCOF,Al Kα,1.78999996185303
Ta,4s,,XPS,BE,566.0,MGSCOF,Mg Kα,1.37999999523163
Ta,5p,,XPS,BE,41.0,ALSCOF,Al Kα,1.10000002384186
Ta,5p,,XPS,BE,41.0,MGSCOF,Mg Kα,0.874000012874603
Ta,5p1/2,,XPS,BE,45.0,ALSCOF,Al Kα,0.345999985933304
Ta,5p1/2,,XPS,BE,45.0,MGSCOF,Mg Kα,0.26800000667572
Ta,5p3/2,,XPS,BE,37.0,ALSCOF,Al Kα,0.754000008106232
Ta,5p3/2,,XPS,BE,37.0,MGSCOF,Mg Kα,0.606000006198883
Ta,5s,,XPS,BE,71.0,ALSCOF,Al Kα,0.363000005483627
Ta,5s,,XPS,BE,71.0,MGSCOF,Mg Kα,0.291000008583069
Tb,MN1,MNN,Auger,KE,1071.0,ALSCOF,Al Kα,0.0299999993294477
Tb,MN1,MNN,Auger,KE,1071.0,AUGQNT,Any,0.0299999993294477
Tb,MN1,MNN,Auger,KE,1255.5,10kvcrr4,Any,0.0
Tb,MN2,MNN,Auger,KE,1034.0,ALSCOF,Al Kα,0.0099999997764825
Tb,MN2,MNN,Auger,KE,1034.0,AUGQNT,Any,0.0099999997764825
Tb,MN2,MNN,Auger,KE,1226.5,10kvcrr4,Any,0.0
Tb,MN3,MNN,Auger,KE,917.0,ALSCOF,Al Kα,0.0399999991059303
Tb,MN3,MNN,Auger,KE,917.0,AUGQNT,Any,0.0399999991059303
Tb,MN3,MNN,Auger,KE,1067.5,10kvcrr4,Any,0.660000026226044
Tb,MN4,MNN,Auger,KE,780.0,ALSCOF,Al Kα,0.0099999997764825
Tb,MN4,MNN,Auger,KE,780.0,AUGQNT,Any,0.0099999997764825
Tb,MN4,MNN,Auger,KE,922.0,10kvcrr4,Any,0.814999997615814
Tb,MN5,MNN,Auger,KE,793.5,10kvcrr4,Any,0.0040000001899898
Tb,NO1,NOO,Auger,KE,144.0,10kvcrr4,Any,0.275999993085861
Tb,NO2,NOO,Auger,KE,132.0,10kvcrr4,Any,0.0130000002682209
Tb,NO3,NOO,Auger,KE,114.5,10kvcrr4,Any,0.0839999988675117
Tb,NO4,NOO,Auger,KE,89.5,10kvcrr4,Any,0.017000000923872
Tb,3d3/2,,XPS,BE,1279.1277,ALSCOF,Al Kα,0.0
Tb,3d5/2,,XPS,BE,1244.1242,ALSCOF,Al Kα,0.0
Tb,3d5/2,,XPS,BE,1244.1242,ALWAGNER,Al Kα,0.0
Tb,4d,,XPS,BE,150.0,ALSCOF,Al Kα,10.8699998855591
Tb,4d,,XPS,BE,150.0,ALWAGNER,Al Kα,2.20000004768372
Tb,4d,,XPS,BE,150.0,MGSCOF,Mg Kα,9.48999977111816
Tb,4d,,XPS,BE,150.0,MGWAGNER,Mg Kα,1.79999995231628
Tb,4p1/2,,XPS,BE,317.0,ALSCOF,Al Kα,1.8400000333786
Tb,4p1/2,,XPS,BE,317.0,MGSCOF,Mg Kα,1.42999994754791
Tb,4p3/2,,XPS,BE,284.0,ALSCOF,Al Kα,3.99000000953674
Tb,4p3/2,,XPS,BE,284.0,MGSCOF,Mg Kα,3.21000003814697
Tb,4s,,XPS,BE,398.0,ALSCOF,Al Kα,1.53999996185303
Tb,4s,,XPS,BE,398.0,MGSCOF,Mg Kα,1.22000002861023
Tb,5p,,XPS,BE,28.0,ALSCOF,Al Kα,0.804000020027161
Tb,5p,,XPS,BE,28.0,MGSCOF,Mg Kα,0.651000022888184
Tb,5s,,XPS,BE,42.0,ALSCOF,Al Kα,0.28099998831749
Tb,5s,,XPS,BE,42.0,MGSCOF,Mg Kα,0.228000000119209
Te,MN1,MNN,Auger,KE,491.0,ALSCOF,Al Kα,0.519999980926514
Te,MN1,MNN,Auger,KE,491.0,AUGQNT,Any,0.519999980926514
Te,MN2,MNN,Auger,KE,483.0,ALSCOF,Al Kα,0.629999995231628
Te,MN2,MNN,Auger,KE,483.0,AUGQNT,Any,0.629999995231628
Te,3d3/2,,XPS,BE,585.0,ALSCOF,Al Kα,12.5200004577637
Te,3d3/2,,XPS,BE,585.0,MGSCOF,Mg Kα,12.210000038147
Te,3d5/2,,XPS,BE,575.0,ALSCOF,Al Kα,18.0599994659424
Te,3d5/2,,XPS,BE,575.0,MGSCOF,Mg Kα,17.7000007629395
Te,3d5/2,,XPS,BE,585.0,ALWAGNER,Al Kα,40000009536743.0
Te,3d5/2,,XPS,BE,585.0,MGWAGNER,Mg Kα,40000009536743.0
Te,3p1/2,,XPS,BE,873.0,ALSCOF,Al Kα,4.92000007629395
Te,3p1/2,,XPS,BE,873.0,MGSCOF,Mg Kα,3.78999996185303
Te,3p3/2,,XPS,BE,822.0,ALSCOF,Al Kα,10.210000038147
Te,3p3/2,,XPS,BE,822.0,MGSCOF,Mg Kα,8.14000034332275
Te,3s,,XPS,BE,1009.1007,ALSCOF,Al Kα,0.55338791337984
Te,3s,,XPS,BE,1009.1007,MGSCOF,Mg Kα,0.0
Te,4d,,XPS,BE,43.5,ALSCOF,Al Kα,3.63000011444092
Te,4d,,XPS,BE,43.5,ALWAGNER,Al Kα,1.35300004482269
Te,4d,,XPS,BE,43.5,MGSCOF,Mg Kα,3.41000008583069
Te,4d,,XPS,BE,43.5,MGWAGNER,Mg Kα,1.10699999332428
Te,4d3/2,,XPS,BE,44.0,ALSCOF,Al Kα,1.49000000953674
Te,4d3/2,,XPS,BE,44.0,MGSCOF,Mg Kα,1.39999997615814
Te,4d5/2,,XPS,BE,43.0,ALSCOF,Al Kα,2.14000010490417
Te,4d5/2,,XPS,BE,43.0,MGSCOF,Mg Kα,2.00999999046326
Te,4p,,XPS,BE,114.0,ALSCOF,Al Kα,3.10999989509583
Te,4p,,XPS,BE,114.0,MGSCOF,Mg Kα,2.58599996566772
Te,4s,,XPS,BE,171.0,ALSCOF,Al Kα,0.902999997138977
Te,4s,,XPS,BE,171.0,MGSCOF,Mg Kα,0.74099999666214
Te,5s,,XPS,BE,14.0,ALSCOF,Al Kα,0.0
Te,5s,,XPS,BE,14.0,MGSCOF,Mg Kα,0.104000002145767
Th,NO1,NOO,Auger,KE,245.0,AUGQNT,Any,0.0700000002980232
Th,NO2,NOO,Auger,KE,228.0,AUGQNT,Any,0.0599999986588955
Th,NO3,NOO,Auger,KE,65.0,AUGQNT,Any,0.270000010728836
Th,4d3/2,,XPS,BE,714.0,ALSCOF,Al Kα,10.8199996948242
Th,4d3/2,,XPS,BE,714.0,MGSCOF,Mg Kα,8.05000019073486
Th,4d5/2,,XPS,BE,677.0,ALSCOF,Al Kα,16.3099994659424
Th,4d5/2,,XPS,BE,677.0,ALWAGNER,Al Kα,3.0
Th,4d5/2,,XPS,BE,677.0,MGSCOF,Mg Kα,12.4499998092651
Th,4d5/2,,XPS,BE,677.0,MGWAGNER,Mg Kα,3.0
Th,4f,,XPS,BE,339.5,ALSCOF,Al Kα,42.0
Th,4f,,XPS,BE,339.5,MGSCOF,Mg Kα,41.5099983215332
Th,4f5/2,,XPS,BE,344.0,ALSCOF,Al Kα,18.8099994659424
Th,4f5/2,,XPS,BE,344.0,MGSCOF,Mg Kα,18.2099990844727
Th,4f7/2,,XPS,BE,335.0,ALSCOF,Al Kα,23.9400005340576
Th,4f7/2,,XPS,BE,335.0,ALWAGNER,Al Kα,7.80000019073486
Th,4f7/2,,XPS,BE,335.0,MGSCOF,Mg Kα,23.2999992370605
Th,4f7/2,,XPS,BE,335.0,MGWAGNER,Mg Kα,7.80000019073486
Th,4p1/2,,XPS,BE,1168.1166,ALSCOF,Al Kα,0.0
Th,4p1/2,,XPS,BE,1168.1166,MGSCOF,Mg Kα,0.0
Th,4p3/2,,XPS,BE,968.0,ALSCOF,Al Kα,7.46000003814697
Th,4p3/2,,XPS,BE,968.0,MGSCOF,Mg Kα,59000015258789.0
Th,4s,,XPS,BE,1330.1328,ALSCOF,Al Kα,0.0
Th,5d,,XPS,BE,90.5,ALSCOF,Al Kα,5.30000019073486
Th,5d,,XPS,BE,90.5,ALWAGNER,Al Kα,1.64999997615814
Th,5d,,XPS,BE,90.5,MGSCOF,Mg Kα,4.21999979019165
Th,5d,,XPS,BE,90.5,MGWAGNER,Mg Kα,1.35000002384186
Th,5d3/2,,XPS,BE,94.0,ALSCOF,Al Kα,2.15000009536743
Th,5d3/2,,XPS,BE,94.0,ALWAGNER,Al Kα,0.660000026226044
Th,5d3/2,,XPS,BE,94.0,MGSCOF,Mg Kα,1.70000004768372
Th,5d3/2,,XPS,BE,94.0,MGWAGNER,Mg Kα,0.540000021457672
Th,5d5/2,,XPS,BE,87.0,ALSCOF,Al Kα,3.15000009536743
Th,5d5/2,,XPS,BE,87.0,ALWAGNER,Al Kα,0.990000009536743
Th,5d5/2,,XPS,BE,87.0,MGSCOF,Mg Kα,2.51999998092651
Th,5d5/2,,XPS,BE,87.0,MGWAGNER,Mg Kα,0.810000002384186
Th,5p1/2,,XPS,BE,226.0,ALSCOF,Al Kα,0.660000026226044
Th,5p1/2,,XPS,BE,226.0,MGSCOF,Mg Kα,0.488000005483627
Th,5p3/2,,XPS,BE,179.0,ALSCOF,Al Kα,2.04999995231628
Th,5p3/2,,XPS,BE,179.0,MGSCOF,Mg Kα,1.62999999523163
Th,5s,,XPS,BE,290.0,ALSCOF,Al Kα,0.702000021934509
Th,5s,,XPS,BE,290.0,MGSCOF,Mg Kα,0.550999999046326
Th,6p1/2,,XPS,BE,26.0,ALSCOF,Al Kα,0.133000001311302
Th,6p1/2,,XPS,BE,26.0,MGSCOF,Mg Kα,0.101000003516674
Th,6p3/2,,XPS,BE,18.0,ALSCOF,Al Kα,0.36599999666214
Th,6p3/2,,XPS,BE,18.0,MGSCOF,Mg Kα,0.293000012636185
Th,6s,,XPS,BE,43.0,ALSCOF,Al Kα,0.163000002503395
Th,6s,,XPS,BE,43.0,MGSCOF,Mg Kα,0.129999995231628
Ti,LM1,LMM,Auger,KE,450.0,ALSCOF,Al Kα,0.0599999986588955
Ti,LM1,LMM,Auger,KE,450.0,AUGQNT,Any,0.0599999986588955
Ti,LM1,LMM,Auger,KE,452.0,10kvcrr4,Any,0.0219999998807907
Ti,LM2,LMM,Auger,KE,419.0,ALSCOF,Al Kα,0.400000005960464
Ti,LM2,LMM,Auger,KE,419.0,AUGQNT,Any,0.400000005960464
Ti,LM2,LMM,Auger,KE,419.5,10kvcrr4,Any,0.209999993443489
Ti,LM3,LMM,Auger,KE,384.0,ALSCOF,Al Kα,0.519999980926514
Ti,LM3,LMM,Auger,KE,384.0,AUGQNT,Any,0.519999980926514
Ti,LM3,LMM,Auger,KE,389.5,10kvcrr4,Any,0.0350000001490116
Ti,LM4,LMM,Auger,KE,362.0,ALSCOF,Al Kα,0.310000002384186
Ti,LM4,LMM,Auger,KE,362.0,AUGQNT,Any,0.310000002384186
Ti,LM4,LMM,Auger,KE,384.5,10kvcrr4,Any,0.27700001001358
Ti,LM5,LMM,Auger,KE,334.0,ALSCOF,Al Kα,0.239999994635582
Ti,LM5,LMM,Auger,KE,334.0,AUGQNT,Any,0.239999994635582
Ti,LM5,LMM,Auger,KE,364.5,10kvcrr4,Any,0.0179999992251396
Ti,LM6,LMM,Auger,KE,355.0,10kvcrr4,Any,0.0109999999403954
Ti,MN1,MNN,Auger,KE,46.0,10kvcrr4,Any,0.0729999989271164
Ti,MN1,MNN,Auger,KE,47.0,AUGQNT,Any,0.200000002980232
Ti,2p,,XPS,BE,461.0,ALSCOF,Al Kα,7.90999984741211
Ti,2p,,XPS,BE,461.0,ALWAGNER,Al Kα,1.79999995231628
Ti,2p,,XPS,BE,461.0,MGSCOF,Mg Kα,7.90000009536743
Ti,2p,,XPS,BE,461.0,MGWAGNER,Mg Kα,1.79999995231628
Ti,2p1/2,,XPS,BE,464.0,ALSCOF,Al Kα,2.69000005722046
Ti,2p1/2,,XPS,BE,464.0,ALWAGNER,Al Kα,0.600000023841858
Ti,2p1/2,,XPS,BE,464.0,MGSCOF,Mg Kα,2.6800000667572
Ti,2p1/2,,XPS,BE,464.0,MGWAGNER,Mg Kα,0.600000023841858
Ti,2p3/2,,XPS,BE,458.0,ALSCOF,Al Kα,21999979019165.0
Ti,2p3/2,,XPS,BE,458.0,ALWAGNER,Al Kα,1.20000004768372
Ti,2p3/2,,XPS,BE,458.0,MGSCOF,Mg Kα,21999979019165.0
Ti,2p3/2,,XPS,BE,458.0,MGWAGNER,Mg Kα,1.20000004768372
Ti,2s,,XPS,BE,565.0,ALSCOF,Al Kα,3.24000000953674
Ti,2s,,XPS,BE,565.0,ALWAGNER,Al Kα,0.593999981880188
Ti,2s,,XPS,BE,565.0,MGSCOF,Mg Kα,2.72000002861023
Ti,2s,,XPS,BE,565.0,MGWAGNER,Mg Kα,0.486000001430511
Ti,3p,,XPS,BE,37.0,ALSCOF,Al Kα,0.813000023365021
Ti,3p,,XPS,BE,37.0,ALWAGNER,Al Kα,0.231000006198883
Ti,3p,,XPS,BE,37.0,MGSCOF,Mg Kα,0.788999974727631
Ti,3p,,XPS,BE,37.0,MGWAGNER,Mg Kα,0.188999995589256
Ti,3s,,XPS,BE,62.0,ALSCOF,Al Kα,0.47299998998642
Ti,3s,,XPS,BE,62.0,MGSCOF,Mg Kα,4.07999992370605
Tl,NO1,NOO,Auger,KE,262.0,ALSCOF,Al Kα,0.0299999993294477
Tl,NO1,NOO,Auger,KE,262.0,AUGQNT,Any,0.0299999993294477
Tl,NO2,NOO,Auger,KE,244.0,ALSCOF,Al Kα,0.0399999991059303
Tl,NO2,NOO,Auger,KE,244.0,AUGQNT,Any,0.0399999991059303
Tl,4d3/2,,XPS,BE,406.0,ALSCOF,Al Kα,8.60000038146973
Tl,4d3/2,,XPS,BE,406.0,MGSCOF,Mg Kα,6.78000020980835
Tl,4d5/2,,XPS,BE,385.0,ALSCOF,Al Kα,12.6000003814697
Tl,4d5/2,,XPS,BE,385.0,ALWAGNER,Al Kα,2.0
Tl,4d5/2,,XPS,BE,385.0,MGSCOF,Mg Kα,10.0799999237061
Tl,4d5/2,,XPS,BE,385.0,MGWAGNER,Mg Kα,2.0
Tl,4f,,XPS,BE,120.0,ALSCOF,Al Kα,20.7600002288818
Tl,4f,,XPS,BE,120.0,ALWAGNER,Al Kα,6.15000009536743
Tl,4f,,XPS,BE,120.0,MGWAGNER,Mg Kα,6.15000009536743
Tl,4f5/2,,XPS,BE,122.0,ALSCOF,Al Kα,9.14000034332275
Tl,4f5/2,,XPS,BE,122.0,ALWAGNER,Al Kα,2.65000009536743
Tl,4f5/2,,XPS,BE,122.0,MGSCOF,Mg Kα,9.22000026702881
Tl,4f5/2,,XPS,BE,122.0,MGWAGNER,Mg Kα,2.65000009536743
Tl,4f7/2,,XPS,BE,118.0,ALSCOF,Al Kα,11.6199998855591
Tl,4f7/2,,XPS,BE,118.0,ALWAGNER,Al Kα,3.0
Tl,4f7/2,,XPS,BE,118.0,MGSCOF,Mg Kα,11.7700004577637
Tl,4f7/2,,XPS,BE,118.0,MGWAGNER,Mg Kα,3.0
Tl,4p1/2,,XPS,BE,721.0,ALSCOF,Al Kα,2.13000011444092
Tl,4p1/2,,XPS,BE,721.0,MGSCOF,Mg Kα,1.0
Tl,4p3/2,,XPS,BE,608.0,ALSCOF,Al Kα,6.19000005722046
Tl,4p3/2,,XPS,BE,608.0,MGSCOF,Mg Kα,4.0
Tl,4s,,XPS,BE,845.0,ALSCOF,Al Kα,1.95000004768372
Tl,4s,,XPS,BE,845.0,MGSCOF,Mg Kα,1.46000003814697
Tl,5d,,XPS,BE,14.0,ALSCOF,Al Kα,2.38100004196167
Tl,5d,,XPS,BE,14.0,ALWAGNER,Al Kα,0.990000009536743
Tl,5d,,XPS,BE,14.0,MGSCOF,Mg Kα,1.94400000572205
Tl,5d,,XPS,BE,14.0,MGWAGNER,Mg Kα,0.810000002384186
Tl,5d3/2,,XPS,BE,15.0,ALSCOF,Al Kα,0.99099999666214
Tl,5d3/2,,XPS,BE,15.0,MGSCOF,Mg Kα,0.804000020027161
Tl,5d5/2,,XPS,BE,13.0,ALSCOF,Al Kα,1.38999998569489
Tl,5d5/2,,XPS,BE,13.0,MGSCOF,Mg Kα,1.13999998569489
Tl,5p1/2,,XPS,BE,100.0,ALSCOF,Al Kα,0.504999995231628
Tl,5p1/2,,XPS,BE,100.0,MGSCOF,Mg Kα,0.382999986410141
Tl,5p3/2,,XPS,BE,76.0,ALSCOF,Al Kα,1.0
Tl,5p3/2,,XPS,BE,76.0,MGSCOF,Mg Kα,0.995999991893768
Tl,5s,,XPS,BE,137.0,ALSCOF,Al Kα,0.519999980926514
Tl,5s,,XPS,BE,137.0,MGSCOF,Mg Kα,0.412999987602234
Tm,4d,,XPS,BE,180.0,ALSCOF,Al Kα,13.1199998855591
Tm,4d,,XPS,BE,180.0,ALWAGNER,Al Kα,2.0
Tm,4d,,XPS,BE,180.0,MGSCOF,Mg Kα,11.1800003051758
Tm,4d,,XPS,BE,180.0,MGWAGNER,Mg Kα,2.0
Tm,4p1/2,,XPS,BE,378.0,ALSCOF,Al Kα,1.98000001907349
Tm,4p1/2,,XPS,BE,378.0,MGSCOF,Mg Kα,1.0
Tm,4p3/2,,XPS,BE,333.0,ALSCOF,Al Kα,4.48000001907349
Tm,4p3/2,,XPS,BE,333.0,ALWAGNER,Al Kα,0.600000023841858
Tm,4p3/2,,XPS,BE,333.0,MGSCOF,Mg Kα,3.55999994277954
Tm,4p3/2,,XPS,BE,333.0,MGWAGNER,Mg Kα,0.600000023841858
Tm,4s,,XPS,BE,470.0,ALSCOF,Al Kα,1.66999995708466
Tm,4s,,XPS,BE,470.0,MGSCOF,Mg Kα,1.30999994277954
Tm,5p,,XPS,BE,29.0,ALSCOF,Al Kα,0.864000022411346
Tm,5p,,XPS,BE,29.0,MGSCOF,Mg Kα,0.690999984741211
Tm,5p1/2,,XPS,BE,32.0,ALSCOF,Al Kα,0.28099998831749
Tm,5p1/2,,XPS,BE,32.0,MGSCOF,Mg Kα,0.219999998807907
Tm,5p3/2,,XPS,BE,26.0,ALSCOF,Al Kα,0.583000004291534
Tm,5p3/2,,XPS,BE,26.0,MGSCOF,Mg Kα,0.470999985933304
Tm,5s,,XPS,BE,54.0,ALSCOF,Al Kα,0.303000003099442
Tm,5s,,XPS,BE,54.0,MGSCOF,Mg Kα,0.244000002741814
U,NO1,NOO,Auger,KE,280.0,AUGQNT,Any,0.140000000596046
U,NO2,NOO,Auger,KE,87.0,AUGQNT,Any,0.270000010728836
U,NO3,NOO,Auger,KE,72.0,AUGQNT,Any,0.409999996423721
U,4d3/2,,XPS,BE,781.0,ALSCOF,Al Kα,11.0
U,4d3/2,,XPS,BE,781.0,MGSCOF,Mg Kα,8.21000003814697
U,4d5/2,,XPS,BE,739.0,ALSCOF,Al Kα,17.0499992370605
U,4d5/2,,XPS,BE,739.0,ALWAGNER,Al Kα,3.84999990463257
U,4d5/2,,XPS,BE,739.0,MGSCOF,Mg Kα,12.8400001525879
U,4d5/2,,XPS,BE,739.0,MGWAGNER,Mg Kα,3.84999990463257
U,4f5/2,,XPS,BE,391.0,ALSCOF,Al Kα,21.0
U,4f5/2,,XPS,BE,391.0,MGSCOF,Mg Kα,20.6100006103516
U,4f7/2,,XPS,BE,380.0,ALSCOF,Al Kα,27.3600006103516
U,4f7/2,,XPS,BE,380.0,ALWAGNER,Al Kα,9.0
U,4f7/2,,XPS,BE,380.0,MGSCOF,Mg Kα,26.3799991607666
U,4f7/2,,XPS,BE,380.0,MGWAGNER,Mg Kα,9.0
U,4p1/2,,XPS,BE,1274.1272,ALSCOF,Al Kα,0.0
U,4p3/2,,XPS,BE,1046.1044,ALSCOF,Al Kα,0.0
U,4p3/2,,XPS,BE,1046.1044,MGSCOF,Mg Kα,0.0
U,5d,,XPS,BE,100.0,ALSCOF,Al Kα,1.75999999046326
U,5d,,XPS,BE,100.0,ALWAGNER,Al Kα,1.75999999046326
U,5d,,XPS,BE,100.0,MGWAGNER,Mg Kα,1.44000005722046
U,5d3/2,,XPS,BE,104.0,ALSCOF,Al Kα,2.35999989509583
U,5d3/2,,XPS,BE,104.0,ALWAGNER,Al Kα,0.660000026226044
U,5d3/2,,XPS,BE,104.0,MGSCOF,Mg Kα,1.85000002384186
U,5d3/2,,XPS,BE,104.0,MGWAGNER,Mg Kα,0.540000021457672
U,5d5/2,,XPS,BE,96.0,ALSCOF,Al Kα,3.46000003814697
U,5d5/2,,XPS,BE,96.0,ALWAGNER,Al Kα,1.10000002384186
U,5d5/2,,XPS,BE,96.0,MGSCOF,Mg Kα,2.75999999046326
U,5d5/2,,XPS,BE,96.0,MGWAGNER,Mg Kα,0.899999976158142
U,5p1/2,,XPS,BE,262.0,ALSCOF,Al Kα,0.674000024795532
U,5p1/2,,XPS,BE,262.0,MGSCOF,Mg Kα,0.495000004768372
U,5p3/2,,XPS,BE,197.0,ALSCOF,Al Kα,2.22000002861023
U,5p3/2,,XPS,BE,197.0,MGSCOF,Mg Kα,1.75999999046326
U,5s,,XPS,BE,325.0,ALSCOF,Al Kα,0.73199999332428
U,5s,,XPS,BE,325.0,MGSCOF,Mg Kα,0.572000026702881
U,6p1/2,,XPS,BE,29.0,ALSCOF,Al Kα,0.133000001311302
U,6p1/2,,XPS,BE,29.0,MGSCOF,Mg Kα,0.101000003516674
U,6p3/2,,XPS,BE,19.0,ALSCOF,Al Kα,0.375999987125397
U,6p3/2,,XPS,BE,19.0,MGSCOF,Mg Kα,0.300999999046326
U,6s,,XPS,BE,46.0,ALSCOF,Al Kα,0.167999997735023
U,6s,,XPS,BE,46.0,MGSCOF,Mg Kα,0.13400000333786
V,LM1,LMM,Auger,KE,510.5,10kvcrr4,Any,0.0879999995231628
V,LM1,LMM,Auger,KE,511.0,ALSCOF,Al Kα,0.300000011920929
V,LM1,LMM,Auger,KE,511.0,AUGQNT,Any,0.300000011920929
V,LM2,LMM,Auger,KE,472.0,ALSCOF,Al Kα,0.629999995231628
V,LM2,LMM,Auger,KE,472.0,AUGQNT,Any,0.629999995231628
V,LM2,LMM,Auger,KE,492.0,10kvcrr4,Any,0.0040000001899898
V,LM3,LMM,Auger,KE,438.0,ALSCOF,Al Kα,0.629999995231628
V,LM3,LMM,Auger,KE,438.0,AUGQNT,Any,0.629999995231628
V,LM3,LMM,Auger,KE,472.5,10kvcrr4,Any,0.305999994277954
V,LM4,LMM,Auger,KE,432.0,ALSCOF,Al Kα,0.600000023841858
V,LM4,LMM,Auger,KE,432.0,AUGQNT,Any,0.600000023841858
V,LM4,LMM,Auger,KE,438.5,10kvcrr4,Any,0.321000009775162
V,LM5,LMM,Auger,KE,410.0,ALSCOF,Al Kα,0.400000005960464
V,LM5,LMM,Auger,KE,410.0,AUGQNT,Any,0.400000005960464
V,LM5,LMM,Auger,KE,432.5,10kvcrr4,Any,0.0419999994337559
V,LM6,LMM,Auger,KE,400.0,ALSCOF,Al Kα,0.300000011920929
V,LM6,LMM,Auger,KE,400.0,AUGQNT,Any,0.300000011920929
V,LM6,LMM,Auger,KE,411.0,10kvcrr4,Any,0.0160000007599592
V,LM7,LMM,Auger,KE,401.0,10kvcrr4,Any,0.0130000002682209
V,MN1,MNN,Auger,KE,48.5,10kvcrr4,Any,0.0590000003576279
V,2p,,XPS,BE,519.0,ALSCOF,Al Kα,9.65999984741211
V,2p,,XPS,BE,519.0,ALWAGNER,Al Kα,1.95000004768372
V,2p,,XPS,BE,519.0,MGWAGNER,Mg Kα,1.95000004768372
V,2p1/2,,XPS,BE,523.0,ALSCOF,Al Kα,3.28999996185303
V,2p1/2,,XPS,BE,523.0,ALWAGNER,Al Kα,0.649999976158142
V,2p1/2,,XPS,BE,523.0,MGSCOF,Mg Kα,3.25999999046326
V,2p1/2,,XPS,BE,523.0,MGWAGNER,Mg Kα,0.649999976158142
V,2p3/2,,XPS,BE,515.0,ALSCOF,Al Kα,6.36999988555908
V,2p3/2,,XPS,BE,515.0,ALWAGNER,Al Kα,1.29999995231628
V,2p3/2,,XPS,BE,515.0,MGSCOF,Mg Kα,6.32999992370605
V,2p3/2,,XPS,BE,515.0,MGWAGNER,Mg Kα,1.29999995231628
V,2s,,XPS,BE,630.0,ALSCOF,Al Kα,3.5699999332428
V,2s,,XPS,BE,630.0,MGSCOF,Mg Kα,2.98000001907349
V,3p,,XPS,BE,40.0,ALSCOF,Al Kα,0.995999991893768
V,3p,,XPS,BE,40.0,ALWAGNER,Al Kα,0.231000006198883
V,3p,,XPS,BE,40.0,MGSCOF,Mg Kα,0.958999991416931
V,3p,,XPS,BE,40.0,MGWAGNER,Mg Kα,0.188999995589256
V,3s,,XPS,BE,69.0,ALSCOF,Al Kα,0.537999987602234
V,3s,,XPS,BE,69.0,MGSCOF,Mg Kα,0.462000012397766
W,MN1,MNN,Auger,KE,1792.0,AUGQNT,Any,0.109999999403954
W,MN1,MNN,Auger,KE,1793.5,10kvcrr4,Any,0.128000006079674
W,MN10,MNN,Auger,KE,1297.5,10kvcrr4,Any,0.0
W,MN11,MNN,Auger,KE,1170.1145,10kvcrr4,Any,0.0
W,MN12,MNN,Auger,KE,1117.1088,10kvcrr4,Any,0.0
W,MN13,MNN,Auger,KE,1057.1039,10kvcrr4,Any,0.0
W,MN2,MNN,Auger,KE,1770.0,AUGQNT,Any,0.0399999991059303
W,MN2,MNN,Auger,KE,1771.5,10kvcrr4,Any,0.0130000002682209
W,MN3,MNN,Auger,KE,1730.0,AUGQNT,Any,0.209999993443489
W,MN3,MNN,Auger,KE,1733.1718,10kvcrr4,Any,0.0
W,MN4,MNN,Auger,KE,1708.0,AUGQNT,Any,0.0700000002980232
W,MN4,MNN,Auger,KE,1708.1694,10kvcrr4,Any,0.0
W,MN5,MNN,Auger,KE,1564.0,AUGQNT,Any,0.0500000007450581
W,MN5,MNN,Auger,KE,1567.1543,10kvcrr4,Any,0.0
W,MN6,MNN,Auger,KE,1517.0,AUGQNT,Any,0.0700000002980232
W,MN6,MNN,Auger,KE,1518.5,10kvcrr4,Any,0.229000002145767
W,MN7,MNN,Auger,KE,1500.5,10kvcrr4,Any,0.0149999996647239
W,MN7,MNN,Auger,KE,1504.0,AUGQNT,Any,0.0599999986588955
W,MN8,MNN,Auger,KE,1298.0,AUGQNT,Any,0.0399999991059303
W,MN8,MNN,Auger,KE,1352.132,10kvcrr4,Any,0.0
W,MN9,MNN,Auger,KE,1333.1322,10kvcrr4,Any,0.0
W,NO1,NOO,Auger,KE,179.0,AUGQNT,Any,0.159999996423721
W,NO1,NOO,Auger,KE,351.0,10kvcrr4,Any,0.0370000004768372
W,NO2,NOO,Auger,KE,169.0,AUGQNT,Any,0.219999998807907
W,NO2,NOO,Auger,KE,218.5,10kvcrr4,Any,0.0070000002160668
W,NO3,NOO,Auger,KE,207.0,10kvcrr4,Any,0.0109999999403954
W,NO4,NOO,Auger,KE,180.0,10kvcrr4,Any,0.0230000000447035
W,NO5,NOO,Auger,KE,172.0,10kvcrr4,Any,0.0089999996125698
W,NO6,NOO,Auger,KE,167.0,10kvcrr4,Any,0.280000001192093
W,NO7,NOO,Auger,KE,51.0,10kvcrr4,Any,0.0189999993890524
W,NO8,NOO,Auger,KE,41.5,10kvcrr4,Any,0.0109999999403954
W,4d,,XPS,BE,251.0,ALSCOF,Al Kα,16.3299999237061
W,4d,,XPS,BE,251.0,ALWAGNER,Al Kα,2.85999989509583
W,4d,,XPS,BE,251.0,MGWAGNER,Mg Kα,2.33999991416931
W,4d3/2,,XPS,BE,257.0,ALSCOF,Al Kα,6.67999982833862
W,4d3/2,,XPS,BE,257.0,ALWAGNER,Al Kα,1.13300001621246
W,4d3/2,,XPS,BE,257.0,MGSCOF,Mg Kα,48000001907349.0
W,4d3/2,,XPS,BE,257.0,MGWAGNER,Mg Kα,0.926999986171722
W,4d5/2,,XPS,BE,245.0,ALSCOF,Al Kα,9.64999961853027
W,4d5/2,,XPS,BE,245.0,ALWAGNER,Al Kα,1.72699999809265
W,4d5/2,,XPS,BE,245.0,MGSCOF,Mg Kα,8.01000022888184
W,4d5/2,,XPS,BE,245.0,MGWAGNER,Mg Kα,1.41299998760223
W,4f,,XPS,BE,35.0,ALSCOF,Al Kα,9.80000019073486
W,4f,,XPS,BE,35.0,ALWAGNER,Al Kα,2.0
W,4f,,XPS,BE,35.0,MGSCOF,Mg Kα,10.2700004577637
W,4f,,XPS,BE,35.0,MGWAGNER,Mg Kα,2.0
W,4f5/2,,XPS,BE,36.0,ALSCOF,Al Kα,4.32000017166138
W,4f5/2,,XPS,BE,36.0,MGSCOF,Mg Kα,4.51999998092651
W,4f7/2,,XPS,BE,34.0,ALSCOF,Al Kα,48000001907349.0
W,4f7/2,,XPS,BE,34.0,MGSCOF,Mg Kα,75.0
W,4p1/2,,XPS,BE,491.0,ALSCOF,Al Kα,2.09999990463257
W,4p1/2,,XPS,BE,491.0,MGSCOF,Mg Kα,1.54999995231628
W,4p3/2,,XPS,BE,425.0,ALSCOF,Al Kα,15999984741211.0
W,4p3/2,,XPS,BE,425.0,MGSCOF,Mg Kα,4.03000020980835
W,4s,,XPS,BE,594.0,ALSCOF,Al Kα,1.80999994277954
W,4s,,XPS,BE,594.0,MGSCOF,Mg Kα,1.38999998569489
W,5p1/2,,XPS,BE,47.0,ALSCOF,Al Kα,0.367000013589859
W,5p1/2,,XPS,BE,47.0,MGSCOF,Mg Kα,0.282999992370605
W,5p3/2,,XPS,BE,37.0,ALSCOF,Al Kα,0.810999989509583
W,5p3/2,,XPS,BE,37.0,MGSCOF,Mg Kα,0.651000022888184
W,5s,,XPS,BE,77.0,ALSCOF,Al Kα,0.382999986410141
W,5s,,XPS,BE,77.0,MGSCOF,Mg Kα,0.305999994277954
Xe,MN1,MNN,Auger,KE,544.0,ALSCOF,Al Kα,1.0
Xe,MN1,MNN,Auger,KE,544.0,AUGQNT,Any,1.0
Xe,MN2,MNN,Auger,KE,532.0,ALSCOF,Al Kα,1.05999994277954
Xe,MN2,MNN,Auger,KE,532.0,AUGQNT,Any,1.05999994277954
Xe,3d3/2,,XPS,BE,685.0,ALSCOF,Al Kα,15.1000003814697
Xe,3d3/2,,XPS,BE,685.0,MGSCOF,Mg Kα,14.5500001907349
Xe,3d5/2,,XPS,BE,672.0,ALSCOF,Al Kα,21.7900009155273
Xe,3d5/2,,XPS,BE,672.0,ALWAGNER,Al Kα,6.59999990463257
Xe,3d5/2,,XPS,BE,672.0,MGSCOF,Mg Kα,21.0799999237061
Xe,3d5/2,,XPS,BE,672.0,MGWAGNER,Mg Kα,6.59999990463257
Xe,3p1/2,,XPS,BE,997.0,ALSCOF,Al Kα,19999980926514.0
Xe,3p1/2,,XPS,BE,997.0,MGSCOF,Mg Kα,3.95000004768372
Xe,3p3/2,,XPS,BE,936.0,ALSCOF,Al Kα,10.9899997711182
Xe,3p3/2,,XPS,BE,936.0,MGSCOF,Mg Kα,8.64000034332275
Xe,3s,,XPS,BE,1144.1142,ALSCOF,Al Kα,0.55338791337984
Xe,3s,,XPS,BE,1144.1142,MGSCOF,Mg Kα,0.0
Xe,4d,,XPS,BE,64.0,ALSCOF,Al Kα,4.67999982833862
Xe,4d,,XPS,BE,64.0,ALWAGNER,Al Kα,1.89199995994568
Xe,4d,,XPS,BE,64.0,MGSCOF,Mg Kα,4.34999990463257
Xe,4d,,XPS,BE,64.0,MGWAGNER,Mg Kα,1.54799997806549
Xe,4d3/2,,XPS,BE,65.0,ALSCOF,Al Kα,1.91999995708466
Xe,4d3/2,,XPS,BE,65.0,MGSCOF,Mg Kα,1.77999997138977
Xe,4d5/2,,XPS,BE,63.0,ALSCOF,Al Kα,2.75999999046326
Xe,4d5/2,,XPS,BE,63.0,MGSCOF,Mg Kα,2.5699999332428
Xe,4p,,XPS,BE,141.0,ALSCOF,Al Kα,3.57999992370605
Xe,4p,,XPS,BE,141.0,MGSCOF,Mg Kα,2.96099996566772
Xe,4s,,XPS,BE,209.0,ALSCOF,Al Kα,1.01999998092651
Xe,4s,,XPS,BE,209.0,MGSCOF,Mg Kα,0.830999970436096
Xe,5s,,XPS,BE,19.0,ALSCOF,Al Kα,0.159999996423721
Xe,5s,,XPS,BE,19.0,MGSCOF,Mg Kα,0.131999999284744
Y,LM1,LMM,Auger,KE,1817.5,10kvcrr4,Any,0.193000003695488
Y,LM1,LMM,Auger,KE,1821.0,AUGQNT,Any,0.0099999997764825
Y,LM2,LMM,Auger,KE,1739.1703,10kvcrr4,Any,0.545000016689301
Y,LM2,LMM,Auger,KE,1746.0,AUGQNT,Any,0.0199999995529652
Y,LM3,LMM,Auger,KE,1656.1635,10kvcrr4,Any,0.0
Y,LM4,LMM,Auger,KE,1602.1594,10kvcrr4,Any,0.0
Y,LM5,LMM,Auger,KE,1587.1557,10kvcrr4,Any,0.0
Y,LM6,LMM,Auger,KE,1516.5,10kvcrr4,Any,0.0299999993294477
Y,LM7,LMM,Auger,KE,1452.1421,10kvcrr4,Any,0.0
Y,MN1,MNN,Auger,KE,124.0,ALSCOF,Al Kα,0.119999997317791
Y,MN1,MNN,Auger,KE,124.0,AUGQNT,Any,0.119999997317791
Y,MN1,MNN,Auger,KE,131.5,10kvcrr4,Any,0.0399999991059303
Y,MN2,MNN,Auger,KE,126.0,10kvcrr4,Any,0.0010000000474974
Y,MN3,MNN,Auger,KE,111.5,10kvcrr4,Any,0.0070000002160668
Y,MN4,MNN,Auger,KE,104.5,10kvcrr4,Any,0.0670000016689301
Y,MN5,MNN,Auger,KE,80.5,10kvcrr4,Any,0.0659999996423721
Y,3d,,XPS,BE,159.0,ALSCOF,Al Kα,98000001907349.0
Y,3d,,XPS,BE,159.0,ALWAGNER,Al Kα,1.75999999046326
Y,3d,,XPS,BE,159.0,MGSCOF,Mg Kα,6.23999977111816
Y,3d,,XPS,BE,159.0,MGWAGNER,Mg Kα,1.75999999046326
Y,3d3/2,,XPS,BE,160.0,ALSCOF,Al Kα,2.44000005722046
Y,3d3/2,,XPS,BE,160.0,MGSCOF,Mg Kα,2.53999996185303
Y,3d5/2,,XPS,BE,158.0,ALSCOF,Al Kα,3.53999996185303
Y,3d5/2,,XPS,BE,158.0,MGSCOF,Mg Kα,3.70000004768372
Y,3p,,XPS,BE,307.0,ALSCOF,Al Kα,7.19000005722046
Y,3p,,XPS,BE,307.0,ALWAGNER,Al Kα,1.61699998378754
Y,3p,,XPS,BE,307.0,MGWAGNER,Mg Kα,1.32299995422363
Y,3p1/2,,XPS,BE,313.0,ALSCOF,Al Kα,2.44000005722046
Y,3p1/2,,XPS,BE,313.0,ALWAGNER,Al Kα,0.538999974727631
Y,3p1/2,,XPS,BE,313.0,MGSCOF,Mg Kα,2.07999992370605
Y,3p1/2,,XPS,BE,313.0,MGWAGNER,Mg Kα,0.441000014543533
Y,3p3/2,,XPS,BE,301.0,ALSCOF,Al Kα,4.0
Y,3p3/2,,XPS,BE,301.0,ALWAGNER,Al Kα,1.07799994945526
Y,3p3/2,,XPS,BE,301.0,MGSCOF,Mg Kα,4.09000015258789
Y,3p3/2,,XPS,BE,301.0,MGWAGNER,Mg Kα,0.882000029087067
Y,3s,,XPS,BE,395.0,ALSCOF,Al Kα,1.98000001907349
Y,3s,,XPS,BE,395.0,MGSCOF,Mg Kα,1.61000001430511
Y,4p,,XPS,BE,25.0,ALSCOF,Al Kα,0.910000026226044
Y,4p,,XPS,BE,25.0,MGSCOF,Mg Kα,0.788999974727631
Y,4s,,XPS,BE,45.0,ALSCOF,Al Kα,0.328999996185303
Y,4s,,XPS,BE,45.0,MGSCOF,Mg Kα,0.273000001907349
Yb,MN1,MNN,Auger,KE,1548.1524,10kvcrr4,Any,0.187999993562698
Yb,MN2,MNN,Auger,KE,1502.5,10kvcrr4,Any,0.0
Yb,MN3,MNN,Auger,KE,1357.5,10kvcrr4,Any,0.025000000372529
Yb,MN4,MNN,Auger,KE,1308.5,10kvcrr4,Any,0.426999986171722
Yb,MN5,MNN,Auger,KE,1175.1155,10kvcrr4,Any,0.0209999997168779
Yb,MN6,MNN,Auger,KE,1127.1088,10kvcrr4,Any,0.0
Yb,MN7,MNN,Auger,KE,980.0,10kvcrr4,Any,0.0359999984502792
Yb,NO1,NOO,Auger,KE,304.0,10kvcrr4,Any,0.028999999165535
Yb,NO2,NOO,Auger,KE,168.0,10kvcrr4,Any,0.535000026226044
Yb,4d,,XPS,BE,189.5,ALSCOF,Al Kα,13.6800003051758
Yb,4d,,XPS,BE,189.5,ALWAGNER,Al Kα,2.0
Yb,4d,,XPS,BE,189.5,MGSCOF,Mg Kα,11.5699996948242
Yb,4d,,XPS,BE,189.5,MGWAGNER,Mg Kα,2.0
Yb,4d3/2,,XPS,BE,194.0,ALSCOF,Al Kα,6100001335144.0
Yb,4d3/2,,XPS,BE,194.0,MGSCOF,Mg Kα,4.71999979019165
Yb,4d5/2,,XPS,BE,185.0,ALSCOF,Al Kα,8.06999969482422
Yb,4d5/2,,XPS,BE,185.0,MGSCOF,Mg Kα,6.84999990463257
Yb,4p1/2,,XPS,BE,392.0,ALSCOF,Al Kα,2.0
Yb,4p1/2,,XPS,BE,392.0,MGSCOF,Mg Kα,1.50999999046326
Yb,4p3/2,,XPS,BE,342.0,ALSCOF,Al Kα,4.59999990463257
Yb,4p3/2,,XPS,BE,342.0,ALWAGNER,Al Kα,0.600000023841858
Yb,4p3/2,,XPS,BE,342.0,MGSCOF,Mg Kα,3.64000010490417
Yb,4p3/2,,XPS,BE,342.0,MGWAGNER,Mg Kα,0.600000023841858
Yb,4s,,XPS,BE,483.0,ALSCOF,Al Kα,1.70000004768372
Yb,4s,,XPS,BE,483.0,MGSCOF,Mg Kα,1.32000005245209
Yb,5p,,XPS,BE,29.5,ALSCOF,Al Kα,0.875999987125397
Yb,5p,,XPS,BE,29.5,MGSCOF,Mg Kα,0.699999988079071
Yb,5p1/2,,XPS,BE,33.0,ALSCOF,Al Kα,0.284000009298325
Yb,5p1/2,,XPS,BE,33.0,MGSCOF,Mg Kα,0.222000002861023
Yb,5p3/2,,XPS,BE,26.0,ALSCOF,Al Kα,0.592000007629395
Yb,5p3/2,,XPS,BE,26.0,MGSCOF,Mg Kα,0.477999985218048
Yb,5s,,XPS,BE,55.0,ALSCOF,Al Kα,0.30799999833107
Yb,5s,,XPS,BE,55.0,MGSCOF,Mg Kα,0.246999993920326
Zn,LM1,LMM,Auger,KE,774.0,10kvcrr4,Any,0.006000000052154
Zn,LM1,LMM,Auger,KE,1015.0,ALSCOF,Al Kα,0.170000001788139
Zn,LM1,LMM,Auger,KE,1015.0,AUGQNT,Any,0.170000001788139
Zn,LM2,LMM,Auger,KE,993.0,10kvcrr4,Any,0.0
Zn,LM2,LMM,Auger,KE,993.0,ALSCOF,Al Kα,0.579999983310699
Zn,LM2,LMM,Auger,KE,993.0,AUGQNT,Any,0.579999983310699
Zn,LM3,LMM,Auger,KE,928.5,10kvcrr4,Any,0.0260000005364418
Zn,LM3,LMM,Auger,KE,980.0,ALSCOF,Al Kα,0.319999992847443
Zn,LM3,LMM,Auger,KE,980.0,AUGQNT,Any,0.319999992847443
Zn,LM4,LMM,Auger,KE,914.0,10kvcrr4,Any,0.025000000372529
Zn,LM4,LMM,Auger,KE,928.0,ALSCOF,Al Kα,0.159999996423721
Zn,LM4,LMM,Auger,KE,928.0,AUGQNT,Any,0.159999996423721
Zn,LM5,LMM,Auger,KE,905.5,10kvcrr4,Any,0.150000005960464
Zn,LM5,LMM,Auger,KE,913.0,ALSCOF,Al Kα,0.0
Zn,LM5,LMM,Auger,KE,913.0,AUGQNT,Any,0.0
Zn,LM6,LMM,Auger,KE,859.5,10kvcrr4,Any,0.0049999998882412
Zn,LM6,LMM,Auger,KE,905.0,ALSCOF,Al Kα,0.310000002384186
Zn,LM6,LMM,Auger,KE,905.0,AUGQNT,Any,0.310000002384186
Zn,LM7,LMM,Auger,KE,834.0,ALSCOF,Al Kα,0.140000000596046
Zn,LM7,LMM,Auger,KE,834.0,AUGQNT,Any,0.140000000596046
Zn,LM7,LMM,Auger,KE,853.0,10kvcrr4,Any,0.0160000007599592
Zn,LM8,LMM,Auger,KE,835.0,10kvcrr4,Any,0.112999998033047
Zn,LM9,LMM,Auger,KE,827.0,10kvcrr4,Any,0.0140000004321337
Zn,MN1,MNN,Auger,KE,110.0,AUGQNT,Any,0.180000007152557
Zn,MN1,MNN,Auger,KE,110.5,10kvcrr4,Any,0.0130000002682209
Zn,MN2,MNN,Auger,KE,62.0,ALSCOF,Al Kα,0.209999993443489
Zn,MN2,MNN,Auger,KE,62.0,AUGQNT,Any,0.209999993443489
Zn,MN2,MNN,Auger,KE,76.0,10kvcrr4,Any,0.0130000002682209
Zn,MN3,MNN,Auger,KE,59.0,ALSCOF,Al Kα,0.180000007152557
Zn,MN3,MNN,Auger,KE,59.0,AUGQNT,Any,0.180000007152557
Zn,MN3,MNN,Auger,KE,62.0,10kvcrr4,Any,0.130999997258186
Zn,MN4,MNN,Auger,KE,58.5,10kvcrr4,Any,0.0140000004321337
Zn,2p1/2,,XPS,BE,1045.1043,ALSCOF,Al Kα,0.0
Zn,2p1/2,,XPS,BE,1045.1043,MGSCOF,Mg Kα,0.0
Zn,2p3/2,,XPS,BE,1022.102,ALSCOF,Al Kα,0.907334844416
Zn,2p3/2,,XPS,BE,1022.102,ALWAGNER,Al Kα,0.0
Zn,2p3/2,,XPS,BE,1022.102,MGSCOF,Mg Kα,0.0
Zn,2p3/2,,XPS,BE,1022.102,MGWAGNER,Mg Kα,0.0
Zn,2s,,XPS,BE,1196.1194,ALSCOF,Al Kα,0.55338791337984
Zn,2s,,XPS,BE,1196.1194,MGSCOF,Mg Kα,0.0
Zn,3d,,XPS,BE,10.0,ALSCOF,Al Kα,0.810000002384186
Zn,3d,,XPS,BE,10.0,MGSCOF,Mg Kα,0.897000014781952
Zn,3p,,XPS,BE,90.5,ALSCOF,Al Kα,2.82800006866455
Zn,3p,,XPS,BE,90.5,ALWAGNER,Al Kα,0.824999988079071
Zn,3p,,XPS,BE,90.5,MGSCOF,Mg Kα,2.58200001716614
Zn,3p,,XPS,BE,90.5,MGWAGNER,Mg Kα,0.675000011920929
Zn,3p1/2,,XPS,BE,92.0,ALSCOF,Al Kα,0.967999994754791
Zn,3p1/2,,XPS,BE,92.0,MGSCOF,Mg Kα,0.882000029087067
Zn,3p3/2,,XPS,BE,89.0,ALSCOF,Al Kα,1.86000001430511
Zn,3p3/2,,XPS,BE,89.0,MGSCOF,Mg Kα,1.70000004768372
Zn,3s,,XPS,BE,140.0,ALSCOF,Al Kα,1.03999996185303
Zn,3s,,XPS,BE,140.0,MGSCOF,Mg Kα,0.873000025749207
Zr,LM1,LMM,Auger,KE,1922.0,AUGQNT,Any,0.0399999991059303
Zr,LM1,LMM,Auger,KE,1923.1894,10kvcrr4,Any,0.0
Zr,LM2,LMM,Auger,KE,1837.0,AUGQNT,Any,0.100000001490116
Zr,LM2,LMM,Auger,KE,1838.5,10kvcrr4,Any,0.41499999165535
Zr,LM3,LMM,Auger,KE,1754.0,AUGQNT,Any,0.0199999995529652
Zr,LM3,LMM,Auger,KE,1759.1741,10kvcrr4,Any,0.0
Zr,LM4,LMM,Auger,KE,1690.0,AUGQNT,Any,0.0199999995529652
Zr,LM4,LMM,Auger,KE,1694.1681,10kvcrr4,Any,0.0
Zr,LM5,LMM,Auger,KE,1670.0,AUGQNT,Any,0.0099999997764825
Zr,LM5,LMM,Auger,KE,1674.1656,10kvcrr4,Any,0.127000004053116
Zr,LM6,LMM,Auger,KE,1612.1578,10kvcrr4,Any,0.0
Zr,LM7,LMM,Auger,KE,1544.5,10kvcrr4,Any,0.0070000002160668
Zr,LM8,LMM,Auger,KE,1529.1513,10kvcrr4,Any,0.0
Zr,MN1,MNN,Auger,KE,174.0,ALSCOF,Al Kα,0.0399999991059303
Zr,MN1,MNN,Auger,KE,174.0,AUGQNT,Any,0.0399999991059303
Zr,MN1,MNN,Auger,KE,176.5,10kvcrr4,Any,0.0219999998807907
Zr,MN2,MNN,Auger,KE,148.0,AUGQNT,Any,0.0700000002980232
Zr,MN2,MNN,Auger,KE,149.5,10kvcrr4,Any,0.104000002145767
Zr,MN3,MNN,Auger,KE,127.0,AUGQNT,Any,0.0399999991059303
Zr,MN3,MNN,Auger,KE,128.0,10kvcrr4,Any,0.017000000923872
Zr,MN4,MNN,Auger,KE,118.0,AUGQNT,Any,0.0599999986588955
Zr,MN4,MNN,Auger,KE,119.0,10kvcrr4,Any,0.0540000014007092
Zr,MN5,MNN,Auger,KE,93.0,AUGQNT,Any,0.0599999986588955
Zr,MN5,MNN,Auger,KE,93.5,10kvcrr4,Any,0.0780000016093254
Zr,NO1,NOO,Auger,KE,36.5,10kvcrr4,Any,0.0640000030398369
Zr,NO2,NOO,Auger,KE,25.5,10kvcrr4,Any,0.046000000089407
Zr,3d,,XPS,BE,182.0,ALSCOF,Al Kα,7.03999996185303
Zr,3d,,XPS,BE,182.0,ALWAGNER,Al Kα,2.09999990463257
Zr,3d,,XPS,BE,182.0,MGSCOF,Mg Kα,7.30000019073486
Zr,3d,,XPS,BE,182.0,MGWAGNER,Mg Kα,2.09999990463257
Zr,3d3/2,,XPS,BE,183.0,ALSCOF,Al Kα,2.86999988555908
Zr,3d3/2,,XPS,BE,183.0,MGSCOF,Mg Kα,2.97000002861023
Zr,3d5/2,,XPS,BE,181.0,ALSCOF,Al Kα,4.17000007629395
Zr,3d5/2,,XPS,BE,181.0,MGSCOF,Mg Kα,4.32999992370605
Zr,3p,,XPS,BE,338.0,ALSCOF,Al Kα,7.78000020980835
Zr,3p,,XPS,BE,338.0,ALWAGNER,Al Kα,1.71599996089935
Zr,3p,,XPS,BE,338.0,MGWAGNER,Mg Kα,1.40400004386902
Zr,3p1/2,,XPS,BE,345.0,ALSCOF,Al Kα,2.64000010490417
Zr,3p1/2,,XPS,BE,345.0,ALWAGNER,Al Kα,0.572000026702881
Zr,3p1/2,,XPS,BE,345.0,MGSCOF,Mg Kα,2.24000000953674
Zr,3p1/2,,XPS,BE,345.0,MGWAGNER,Mg Kα,0.467999994754791
Zr,3p3/2,,XPS,BE,331.0,ALSCOF,Al Kα,1399998664856.0
Zr,3p3/2,,XPS,BE,331.0,ALWAGNER,Al Kα,1.14400005340576
Zr,3p3/2,,XPS,BE,331.0,MGSCOF,Mg Kα,4.40000009536743
Zr,3p3/2,,XPS,BE,331.0,MGWAGNER,Mg Kα,0.935999989509583
Zr,3s,,XPS,BE,431.0,ALSCOF,Al Kα,2.09999990463257
Zr,3s,,XPS,BE,431.0,MGSCOF,Mg Kα,1.70000004768372
Zr,4p,,XPS,BE,29.0,ALSCOF,Al Kα,1.0460000038147
Zr,4p,,XPS,BE,29.0,MGSCOF,Mg Kα,3.66599988937378
Zr,4s,,XPS,BE,51.0,ALSCOF,Al Kα,0.367000013589859
Zr,4s,,XPS,BE,51.0,MGSCOF,Mg Kα,3.04999995231628
